:020000040800F2
:10000000105900205D02000853670008F1550008F0
:100010005167000837150008158E00080000000021
:100020000000000000000000000000009D0100082A
:10003000211F000800000000F9010008E985000800
:1000400077020008770200087702000877020008AC
:1000500077020008770200086D1F00087702000889
:1000600077020008731F0008791F00087702000854
:10007000D9160008E5160008770200087702000884
:10008000770200087702000877020008770200086C
:100090003915000877020008770200087F1F000862
:1000A000770200087702000877020008770200084C
:1000B000770200087702000877020008770200083C
:1000C000770200087702000877020008FD82000826
:1000D00077020008298D000877020008358D000896
:1000E000770200087702000877020008770200080C
:1000F000770200087702000877020008F11600086E
:1001000077020008770200087702000877020008EB
:10011000770200087702000877020008B986000815
:100120007702000877020008FD160008CD1B0008C2
:1001300077020008770200087702000877020008BB
:1001400045150008770200087702000877020008CA
:10015000770200087702000877020008098E00087D
:10016000770200087702000877020008770200088B
:1001700077020008770200087702000800000000FC
:100180007702000877020008DFF80CD000F026FCA8
:1001900000480047B5DD0008105900202C4B1968B5
:1001A0000868B0E8F04F80F30988BFF36F8F4FF015
:1001B000000080F3118870470000000008480068C4
:1001C000006880F308884FF0000080F3148862B65E
:1001D00061B6BFF34F8FBFF36F8F00DF00BF00BF6B
:1001E00008ED00E0DFF80C00016841F470010160E7
:1001F000704700BF88ED00E0EFF30980BFF36F8F19
:10020000134B1A681EF0100F08BF20ED108A20E96A
:10021000F04F106009B44FF0500080F31188BFF325
:100220004F8FBFF36F8F0FF0D7FC4FF0000080F3BC
:10023000118809BC19680868B0E8F04F1EF0100F6B
:1002400008BFB0EC108A80F30988BFF36F8F704746
:100250002C000020EFF3058070470000064880471F
:1002600006480047FEE7FEE7FEE7FEE7FEE7FEE79B
:10027000FEE7FEE7FEE7FEE7A98600088901000821
:100280002DE9F05F0546002092469B4688460646CB
:10029000814640241BE0284641464746224600F05E
:1002A00091FA53465A46C01A914110D31146184646
:1002B000224600F016F82D1A67EB01084F46224639
:1002C0000120002100F00DF817EB00094E41201E1F
:1002D000A4F10104DFDC484631462A464346BDE826
:1002E000F09F202A04DB203A00FA02F10020704738
:1002F0009140C2F1200320FA03F319439040704764
:10030000202A06DBCB17203A41FA02F043EAE073D9
:1003100006E041FA02F3D040C2F1200291400843C6
:100320001946704740EA01039B0703D009E008C95A
:10033000121F08C0042AFAD203E011F8013B00F8AA
:10034000013B521EF9D27047D2B201E000F8012BF6
:10035000491EFBD270470022F6E710B513460A4645
:1003600004461946FFF7F0FF204610BD421C10F866
:10037000011B0029FBD1801A70472DE9FE4F8046F2
:1003800081EA0300C00F0C46009021F0004123F0E9
:100390000045B8EB0200A94105D2404621469046EF
:1003A0001C460B46024623F00040104347D0270D61
:1003B000C7F30A00C3F30A510290401A0190402883
:1003C0006BDAC3F3130040F4801B0098924620B10F
:1003D0000023D2EB030A63EB0B0B01985946C0F1E3
:1003E00040025046FFF77DFF06460D4650465946EF
:1003F000019AFFF785FF10EB08006141002487EAAE
:10040000115284EAE7731A4340D0009A62B3019A0A
:10041000012A4FEA075215DC001B61EB02014FF085
:10042000004202EA0752CDE90042001C41F580116A
:1004300032462B4600F01CFA03B0BDE8F08F404670
:100440002146F9E7001B61EB0201001C41F5801316
:1004500000185B412018A2F5001747EB030140EAA2
:10046000D570B6196D4111E06D084FEA360645EAC0
:10047000C0754FEA0752001B61EB0201001C41F5F9
:10048000801149084FEA30000019514132462B468D
:1004900003B0BDE8F04F00F0DCB900980122400045
:1004A0000023D0EB020263EBE073009821464FEA91
:1004B000E074B8EB000061EB0401E9E783F000436E
:1004C0005BE781F0004158E72DE9FE4F81EA030424
:1004D00004F0004421F0004100944FF0000B23F0A1
:1004E000004350EA01045ED052EA03045BD0C3F338
:1004F0000A54C1F30A552C44A4F2F3340194A0FB2E
:100500000254C1F3130141F48011C3F3130343F404
:10051000801301FB024400FB034E840A970A44EA5D
:10052000815447EA8357A4FB076802958D0A05FBAF
:1005300007854FEA932C04FB0C542705029D4FEAD4
:10054000065847EA1637B5EB08056EEB070C870E21
:10055000920E47EA811742EA8312A7FB0201B6EB2B
:100560000B0164EB00042B0D43EA0C335E1844EBE3
:100570001C50DA465146E7FB0201C5F313044FEA6B
:100580000B3343EA14534FEA0432019C43EA060357
:10059000A4F10C040294009CCDE900B400F068F9C9
:1005A00003B0BDE8F08F00200146F9E72DE9F04DDA
:1005B00081EA030404F0004B21F0004514464FF09B
:1005C000000A23F0004150EA050220D054EA01025B
:1005D0001DD0C5F30A570246C5F31303C1F3130038
:1005E000C1F30A5640F4801543F48013A7EB0608C4
:1005F000101BD64608F2FD3873EB050002D308F154
:10060000010801E092185B41B8F1000F03DA002005
:100610000146BDE8F08D00204FF480110646844667
:100620000EE0171B73EB050705D3121B63EB0503E5
:1006300006434CEA010C49084FEA300092185B412E
:1006400050EA0107EDD152EA030012D082EA040019
:1006500083EA0501084305D0101BAB4106D20122F5
:10066000002306E000224FF0004302E06FF0010299
:1006700053101AEB06004CEB085110EB0A0041EB4B
:100680000B01BDE8F04D00F0E4B80EB5C10F80EAF3
:10069000E0700844CA07002140F233438DE80E00A1
:1006A0000A460B4600F0E4F803B000BD0EB540F278
:1006B000334102910021CDE900110A460B4600F0BA
:1006C000D7F803B000BD70B5C1F30A5201F0004580
:1006D0000024C1F3130140F2FF3341F480119A4228
:1006E00001DA002070BD40F233439A42A2F2334255
:1006F00003DC524200F066F800E090402C43F1D059
:10070000404270BD00F0004230F000400AD0C10D00
:1007100001F56071C0F3160042EA0151C2084007BA
:1007200011437047002001467047000030B5041E99
:1007300071F1000404DB4FF00044404264EB01011E
:10074000141E73F1000405DB1C464FF000435242B7
:1007500063EB04038B4208BF824230BD30B5041EF8
:1007600071F1000404DB4FF00044404264EB0101EE
:10077000141E73F1000405DB1C464FF00043524287
:1007800063EB0403994208BF904230BD01F000437F
:1007900030B421F0004150EA010206D00A0DA2F562
:1007A0006072C1F31301002A02DC30BC00207047E4
:1007B000440F44EAC104C100E01830BC00EBC25051
:1007C00000F010B8202A04DB203A21FA02F00021C0
:1007D000704721FA02F3D040C2F120029140084351
:1007E000194670470029A8BF7047401C490008BF40
:1007F00020F00100704710B4B0FA80FC00FA0CF051
:1008000050EA010404BF10BC704749B1CCF1200488
:1008100021FA04F411FA0CF118BF01212143084315
:10082000A3EB0C01CB1D4FEA00614FEA102042BF41
:10083000002010BC704700EBC35010440029A4BF37
:1008400010BC7047401C490008BF20F0010010BCDC
:10085000704710B5141E73F1000408DA401C41F112
:10086000000192185B411A4301D120F0010010BD34
:100870002DE9F04D92469B4611B1B1FA81F202E0AA
:10088000B0FA80F220329046FFF72BFD04460F4667
:1008900040EA0A0041EA0B0153465A46084313D086
:1008A000114653EA010019D0C8F140025046FFF743
:1008B00089FF05460E46504659464246FFF711FD50
:1008C000084305D0012004E020463946BDE8F08DFC
:1008D0000020054346EAE0762C4337430A98630537
:1008E000E40AA0EB08000022FD0A44EA47540A305B
:1008F00002D500200146E9E7010510196941DDE94B
:10090000084500196941BDE8F04DA2E770B521F036
:10091000004303430CD0C1F30A550024D5EB040572
:1009200064EB0403D617AD1AB34102DB0020014685
:1009300070BD201841EB025170BD2DE9F04D002330
:100940001A461B1A8A4103DB00200146BDE8F08DE0
:10095000C1F30A52C1F3130141F480154FF0000BAB
:10096000D10702D100186D41521E0027044640F203
:10097000FF11384601EB620A3E46804602460020DF
:100980004FF48011FFF71EFFC2197141BB1846EBEF
:100990000100B4EB030C75EB000C04D3E41A65EB17
:1009A000000517460E46241908F101006D418046E6
:1009B0003428E3DDF91946EB0600091BA84103D2F0
:1009C0004FF0FF32134601E0002213461BEB0700F5
:1009D00046EB0A51BDE8F04DFFF73BBF064C074D13
:1009E00006E0E06840F0010394E8070098471034FF
:1009F000AC42F6D3FFF7CCFBD8130108F81301087B
:100A000070B58C1810F8015B15F0070301D110F8D0
:100A1000013B2A1106D110F8012B03E010F8016BFD
:100A200001F8016B5B1EF9D12B0705D40023521E80
:100A30000DD401F8013BFAE710F8013BCB1A921CE8
:100A400003E013F8015B01F8015B521EF9D5A142E6
:100A5000D8D3002070BD08F0C7BB08F0C9BD0AF0AC
:100A6000DFBCF0EE400AF5EEC00AF1EE10FA02DD4E
:100A7000B0EE600A7047B1EE600AFBE7002803D0D1
:100A80009FED020A80ED000A7047000000000000A0
:100A9000002803D0B3EE060A80ED000A704700007C
:100AA00070B52DED0C8B84B006460C4615469FEDB7
:100AB000990AF0EE408A9FED970AB0EE409A9FEDBA
:100AC000950AF0EE40BA9FED930AF0EE409A9FED42
:100AD000910AB0EE40AA0EB104B11DB904B0BDEC4C
:100AE0000C8B70BD8C48FFF7C9FF8C48FFF7D0FF17
:100AF0008A48D0ED000A9FED8A1A60EE810AB0EEB6
:100B0000600A00F025F9F0EE408A28EEA80AF0EE1F
:100B1000408A8248D0ED000AB0EE001A60EE810AE9
:100B20009FED7F1A60EE810AB0EE600A00F010F9C6
:100B3000B0EE409A29EE090AB0EE409ADFED790A4C
:100B4000B7EE000A00EEA80ADFED770A00EEC90A48
:100B5000DFED760A20EE200A754880ED000A6E4827
:100B600090ED000ADFED730A80EE201AB7EE000A5E
:100B700031EE000A20EE000A6D48D0ED000A80EE4A
:100B8000801A6D4880ED001A94ED000AB5EEC00A97
:100B9000F1EE10FA0DD194ED010AB5EEC00AF1EEB6
:100BA00010FA06D194ED020AB5EEC00AF1EE10FA81
:100BB00046D09FED580AB0EE408A00200190029086
:100BC0000390D4ED000A60EEA00A94ED011AD4ED72
:100BD000011A41EE210A94ED021AD4ED021A41EEF7
:100BE000210AB0EE600A00F0A9F8B0EE408A94ED58
:100BF000000A20EE080A8DED010A94ED010A20EEAC
:100C0000080A8DED020A94ED020A20EE080A8DED25
:100C1000030ADDED010AF1EE600AB0EE600AFFF7AB
:100C20001AFFF0EE409A9DED031AF0EE410A9DED99
:100C3000021AB0EE410AFFF710FFB0EE40AA07E03B
:100C40009FED340AF0EE409A9FED320AB0EE40AAD2
:100C500095ED000AB5EEC00AF1EE10FA0DD195ED52
:100C6000010AB5EEC00AF1EE10FA06D195ED020ABE
:100C7000B5EEC00AF1EE10FA3CD0B0EE690A00F011
:100C800067F8B0EE408AB0EE690AFFF7E8FEB0EE12
:100C900040DAB0EE4A0A00F05BF8F0EE40AAB0EE9F
:100CA0004A0AFFF7DCFEB0EE40BA28EE2A0AD5ED7C
:100CB000010A20EE200AD5ED000A0DEE200A68EEAA
:100CC0000B0A95ED021A00EE810AB0EE40CA95EDCE
:100CD000010A20EE0B0AD5ED020A0AEEE00AF0EE58
:100CE00040CAF0EE6C0AB0EE4C0AFFF7B6FEF0EE2A
:100CF00040BA03E09FED070AF0EE40BAB0EE4A1AA0
:100D0000F0EE690AB0EE6B0A30460AF0D3FA00BF83
:100D1000E4E6000000000000B4020020B802002059
:100D200035FA8E3CC1BFAD3B9DF8C5362F7C1C41CA
:100D3000BC020020506CC24AC002002010B509F06D
:100D40007BFCB7EE001AC1EE000AB0EE600A10BDDF
:100D50000AF0AABB2DE9F0412DED028B9AB00546B1
:100D6000B0EE408A0E46174698460020179018901D
:100D700019901490159016904DB146B13FB1B8F14D
:100D8000000F04D0B5EEC08AF1EE10FA05D10020B4
:100D90001AB0BDEC028BBDE8F08196ED000A8DED36
:100DA000170A96ED010A8DED180A96ED020A8DEDEF
:100DB000190A97ED000A8DED140A97ED010A8DEDE1
:100DC000150A97ED020A8DED160A17AA14A92846EE
:100DD0000AF0C2F8402104A8FFF7BDFA00200090F5
:100DE000019002900390002417A904A80EF066FC5D
:100DF00000BF30E004A800EB041090ED000AD5ED30
:100E0000000A20EE200A04A800EB0410D0ED010A2D
:100E100095ED011A00EE810A04A800EB0410D0ED54
:100E2000020A95ED021A00EE810A04A800EB0410F4
:100E3000D0ED030A95ED031A00EE810A20EE080AB0
:100E4000F0EE000A80EE201A684600EB840080ED88
:100E5000001A601CC4B2042CCCDB002410E005EBAB
:100E6000840090ED000A684600EB8400D0ED000A93
:100E700030EE200A05EB840080ED000A601CC4B24D
:100E8000042CECDB28460EF05BF9012080E7000023
:100E900070B52DED048BF0EE608AB0EE419A9FEDB7
:100EA0003B8A3B48F0EE480A0EF08CF9F0EE480A17
:100EB000B0EE680A37480EF085F9F0EE480AB0EE59
:100EC000490A35480EF07EF93348DFED342A9FEDAC
:100ED000342A90ED001A2F48DFED321AD0ED000AC7
:100EE0002B4890ED000A30480AF020FB2E492F4A8B
:100EF0002F4C91ED030A2F4DB5EEC00AF1EE10FA1A
:100F00000ED191ED000A82ED000A91ED010A00F088
:100F10009BFB206091ED020A00F0BAFB286012E012
:100F200010EE100AB0F17E5F0DD19FED230A82ED25
:100F3000000A9FED220A00F087FB20609FED200A47
:100F400000F0A6FB286092ED000ABDEEC00A10EE8C
:100F5000100A00B207F0C8FA1A4890ED000A00F033
:100F600073FB2168084400EE100A0220B8EEC00AA4
:100F700000F056FF95ED000A0120BDEC048BB8EEA1
:100F8000C00ABDE8704000F04BBF0000CDCCCC3CA7
:100F9000780200207C02002080020020CBA1834147
:100FA000AC1C8C4114AE8041FC5100206C0200202E
:100FB000700200207402002052A40E42009B724373
:100FC00060387442F00100202DED028B6D4C02E080
:100FD00001200DF041F920780028F9D0DFF8A8A110
:100FE0006A4DDAF80000F0B907F0ACFA00F046FEFE
:100FF00000F06EFE4FF47A700EF0D2FC644C0121CA
:10100000644800F0BFFF0221624800F0BBFF0120EE
:101010000DF022F920680028F1D028680028EED0D1
:101020000120CAF800009FED5C8A5C4C5C4E5D4F6D
:10103000DFF87481DFF87491DFF874B19CE0AA20C6
:1010400007F052FAB0EE482AF0EE481AB0EE481A0D
:10105000F0EE480AB0EE480A02214E4804F09AFF2A
:10106000B0EE482AF0EE481AB0EE481AF0EE480A00
:10107000B0EE480A0121474804F08CFF14E098B90B
:101080004C484D490068096808434C4909680843C1
:101090000DD04B4890ED001A4A48D0ED000A4A485E
:1010A00090ED000AFFF7F4FE207848B10BE0B0EEB7
:1010B000481AF3EE020AB2EE0C0AFFF7E9FEF3E774
:1010C000002007F01FFA2078012801D107F01AFA52
:1010D0002078022801D107F015FA2078032801D1E1
:1010E00007F010FA2078042801D107F00BFA3078C5
:1010F00010B9002007F0ACF93078012801D107F0D1
:10110000A7F93078022801D107F0A2F9387810B990
:10111000002007F0B3F93878012801D107F0AEF9C3
:101120003878022801D107F0A9F998F8000010B921
:10113000002007F0B9F998F80000012801D107F064
:10114000B3F999F8000010B9002007F0BDF999F83B
:101150000000012801D107F0B7F9686800F086FAAD
:101160008AED030AE9696868401A18490860184955
:10117000086001200DF070F8DBF8000001287FF412
:101180007EAF5CE7E7010020B80000206452002039
:101190003C52002098090020000000005D02002061
:1011A00061020020600200205F0200205E02002039
:1011B000B4000020AC000020A8000020B0000020F7
:1011C0008C02002088020020840200204C020020B3
:1011D0005002002001221021014801F0C9BF000087
:1011E0000000024000221021014801F0C1BF0000B0
:1011F000000002407047000001221146014801F042
:10120000B7BF00000004024000220121014801F0A4
:10121000AFBF00000004024030B5437804781B02E1
:101220001BB2234300EE103A1B4CB8EEC00AD4EDBB
:10123000000A20EE200A81ED000AC37885781B029F
:101240001BB22B4300EE103AF8EEC00A94ED000AF0
:1012500060EE800AC1ED010A437904791B021BB2DA
:10126000234300EE903AF8EEE00A20EE800A81ED8A
:10127000020A017AC3790904807941EA0321014312
:1012800000EE101ADFED050AB8EE400A20EE200A43
:1012900082ED000A30BD0000A801002000401C4281
:1012A00070470CF0D9BF0CF035B8000010B542788B
:1012B0000378120212B21A4300EE102A124BB8EE53
:1012C000C00AD3ED010A20EE200A81ED000AC2789F
:1012D0008478120212B2224300EE102AF8EEC00AFD
:1012E00093ED010A60EE800AC1ED010A42790079AE
:1012F000120212B2024300EE902AF8EEE00A20EE4B
:10130000800A81ED020A10BDA801002010B5FFF788
:1013100071FFFFF7C5FF0AF083FB08B1802402E0EC
:101320000AF0F0FA04460AF041FD10B144F0400022
:1013300010BD0AF0CDFC204310BD00002DE9FC419A
:1013400004460D461646002000900190FFF74AFF24
:10135000922000F0BFF806226946122000F09CF8A7
:10136000FFF738FF9DF801009DF80010000200B261
:10137000084300EE100A474FB8EEC00AD7ED000A46
:1013800020EE200A85ED000A9DF803009DF802106A
:10139000000200B2084300EE100AF8EEC00A97ED12
:1013A000000A60EE800AC5ED010A9DF805009DF86F
:1013B0000410000200B2084300EE900AF8EEE00AC2
:1013C00020EE800A85ED020AFFF71EFF082269461B
:1013D000002000F061F8FFF70FFF9DF800000F28D4
:1013E00030D19DF803009DF80210000200B20843BE
:1013F00000EE100AD7ED010AB8EEC00A20EE200A6E
:1014000084ED000A9DF805009DF80410000200B26A
:10141000084300EE100AF8EEC00A97ED010A60EEEC
:10142000800AC4ED010A9DF807009DF8061000022D
:1014300000B2084300EE900AF8EEE00A20EE800ABF
:1014400084ED020AFFF7CEFEA22000F043F802224C
:101450006946222000F020F8FFF7BCFE9DF800004E
:101460009DF80110C00040EA5110B0F5806F02DB1A
:10147000A0F5006000B200EE100AB4EE001AF8EE1B
:10148000C00AB3EE070A00EE810A86ED000ABDE845
:10149000FC810000A801002070B50D46144640F004
:1014A000800000F017F806E0552000F013F805F86A
:1014B000010B641EE4B2002CF6D170BD10B50C46D1
:1014C00040F0800000F006F8552000F003F820708E
:1014D00010BD000001B582B04FF47A700090012376
:1014E00001AA02A9024803F0EBF89DF804000EBD22
:1014F000280B002002784078D20042EA5010B0F564
:10150000806F02DBA0F5006000B200EE100AB4EEBE
:10151000001AF8EEC00AB3EE070A00EE810A81ED68
:10152000000A704710B50C46FFF7D4FF2046BDE80F
:101530001040FFF7CFBFFEE7014801F03FB80000C1
:1015400070090020014801F039B800009809002016
:1015500038B50E4C4FF4007525600025A560E56098
:10156000082525610A4C050A25706070080AA070DC
:10157000E170100A20716271180AA071E3716B4664
:1015800022460249034800F095FE38BDD85100209C
:10159000D50100207009002008B521480BF09AF908
:1015A00020480090002301220A211FA00FF07EF89E
:1015B000054601221E491F4803F07CFF1E4C02E035
:1015C00001200CF049FE20780028F9D00EF010FF21
:1015D0000024024623460121284600940FF0B4F867
:1015E00016480470164804701649012008700C4C07
:1015F0000B480BF09BF80BF047FA0DF0ADFE0848D6
:101600000BF018F8B4F96430B4F94C20B4F9341084
:10161000B4F91C00FFF79CFF01200CF01DFEE7E76A
:10162000C04C002039FC00084D7954696D6572008A
:1016300097020020A80D0020E7010020E40100200F
:10164000E5010020ED0100209FED061AC0EE010A21
:101650009FED050A20EE800ABDEEC00A10EE100ACA
:10166000704700000000B44300FC7F4600EE100A03
:10167000DFED050A9FED051AB8EEC00A60EE200AFC
:1016800080EE810A704700000000B44300FC7F46F2
:101690009FED061AC0EE010A9FED050A20EE800AB2
:1016A000BDEEC00A10EE100A704700000000B443FF
:1016B00000FC7F4600EE100ADFED050A9FED051ADB
:1016C000B8EEC00A60EE200A80EE810A7047000082
:1016D0000000B44300FC7F46014801F0BFBA00009F
:1016E000F00D0020014801F0B9BA0000680A00209E
:1016F000014801F0B3BA0000C80A002010B500F09C
:1017000007F8BDE81040014801F0A8BA800B00209E
:101710002DE9F05FFA48FB4AFA4DC06CFA4EF94FDA
:101720000068DFF8E4C3DFF8DC83DFF8DC93DFF880
:10173000D4A3DFF8D4B3DFF8CCE3F34C483D6036F4
:101740001837D1140CF1180CA8F1300809F17809F8
:101750000AF1300A0BF1300BAEF1180E90423ED96F
:10176000E84A543A1368A04201D1202235E0A84249
:1017700001D1202231E0B04201D120222DE0B84237
:1017800001D1202229E0604501D10A4625E04045EB
:1017900001D10A4621E0484501D10A461DE05045E5
:1017A00001D10A4619E0584502D14FF4001214E065
:1017B000704502D14FF400120FE0D34A90329042AC
:1017C00002D14FF4001208E0CE4A4832904202D1D2
:1017D0004FF4001201E04FF000621340C3E0CA4A28
:1017E000A83290423ED9C74A583A1368A04201D164
:1017F000202235E0A84201D1202231E0B04201D1BF
:1018000020222DE0B84201D1202229E0604501D1FB
:101810000A4625E0404501D10A4621E0484501D16C
:101820000A461DE0504501D10A4619E0584502D14B
:101830004FF4001214E0704502D14FF400120FE093
:10184000B14A9032904202D14FF4001208E0AD4A02
:101850004832904202D14FF4001201E04FF0006292
:10186000134080E0A84A483290423ED9A64A103A36
:101870005368A04201D1202235E0A84201D12022A4
:1018800031E0B04201D120222DE0B84201D1202226
:1018900029E0604501D10A4625E0404501D10A46CC
:1018A00021E0484501D10A461DE0504501D10A46D4
:1018B00019E0584502D14FF4001214E0704502D1EE
:1018C0004FF400120FE0904A9032904202D14FF450
:1018D000001208E08B4A4832904202D14FF40012C5
:1018E00001E04FF0006213403DE0874A103A136870
:1018F000A04201D1202235E0A84201D1202231E0CE
:10190000B04201D120222DE0B84201D1202229E0AD
:10191000604501D10A4625E0404501D10A4621E053
:10192000484501D10A461DE0504501D10A4619E05B
:10193000584502D14FF4001214E0704502D14FF423
:1019400000120FE0704A9032904202D14FF4001220
:1019500008E06C4A4832904202D14FF4001201E094
:101960004FF000621340002B72D0664A904235D986
:10197000A04201D120212DE0A84201D1202129E05F
:10198000B04201D1202125E0B84201D1202121E03F
:1019900060451FD040451DD048451BD0504519D04B
:1019A000584502D14FF4001114E0704502D14FF4B4
:1019B00000110FE054499031884202D14FF40011D8
:1019C00008E050494831884202D14FF4001101E04B
:1019D0004FF000614B484C380160ADE04A4AA832F4
:1019E000904236D9A04201D120212DE0A84201D158
:1019F000202129E0B04201D1202125E0B84201D1C7
:101A0000202121E060451FD040451DD048451BD016
:101A1000504519D0584502D14FF4001114E07045DB
:101A200002D14FF400110FE037499031884202D1C2
:101A30004FF4001108E033494831884202D14FF495
:101A4000001101E04FF000612E485038016073E052
:101A5000AEE02D4A4832904235D9A04201D1202132
:101A60002DE0A84201D1202129E0B04201D120215E
:101A700025E0B84201D1202121E060451FD040453A
:101A80001DD048451BD0504519D0584502D14FF4C0
:101A9000001114E0704502D14FF400110FE01A4913
:101AA0009031884202D14FF4001108E015494831C5
:101AB000884202D14FF4001101E04FF0006112485A
:101AC0001038C16038E0A04201D1202131E0A842A5
:101AD00001D120212DE0B04201D1202129E0B842DE
:101AE00001D1202125E0604523D0404521D0484543
:101AF0001FD050451DD0584508D14FF4001118E0B3
:101B0000280B00205864024010600240704502D14A
:101B10004FF400110DE02749884202D14FF4001123
:101B200007E02549884202D14FF4001101E04FF04F
:101B300000612048A0388160204C207880070CD5B7
:101B4000207820F002002070207840F004002070FF
:101B5000012211461A4801F00BFB6078194D8007ED
:101B60000CD5607820F002006070607840F00400CE
:101B7000607001221021284601F0FAFAA07880074F
:101B80000CD5A07820F00200A070A07840F00400EE
:101B9000A07001221021284601F0EAFA0BF03EFD68
:101BA0002078400704D50848016841F00101016030
:101BB000BDE8F09FA0600240A0640240FC0000204D
:101BC0000004024000000240103C0140014801F0C6
:101BD00045B80000E00B00200168CAB2103A182393
:101BE000B2FBF3F2064B9B5CC3656FF30901032A5A
:101BF00002D9091D816500E08165806D7047000094
:101C00005808010810B5014600208A6A8B694FF018
:101C1000C074002B0ED0B3F5005F1AD062B3012A56
:101C20002AD0022A28D0032A03D1C96AC90100D5C3
:101C3000012010BD1AB1012A06D0022AF9D1C96AC1
:101C4000C901F6D5012010BDC96AA142FBD101200E
:101C500010BD52B1012A0AD0022A06D0032AF7D1B8
:101C6000C96AA142F4D1012010BD012010BDC96A8A
:101C7000C901FBD5012010BD012010BD1149002074
:101C8000086048608860C8609FED0F0A81ED040A13
:101C900081ED050A81ED060AC86181ED080A81ED32
:101CA000090A0A49086048608860C86081ED040A32
:101CB00081ED050A81ED060AC86181ED080A81ED12
:101CC000090A704764520020000000003C520020C6
:101CD00010B5374890ED000A364880ED000A3649C5
:101CE00091ED000A80ED010A344991ED000A80ED82
:101CF000020A33482F4A0121D0ED000A314890ED05
:101D0000000A314804F0EAFD304890ED000A3048FE
:101D100080ED000A2F4991ED000A80ED010A2E495D
:101D200091ED000A80ED020A2C48294A0121D0EDEC
:101D3000000A2B4890ED000A2A4804F0CFFD2A48FB
:101D400090ED000A294880ED000A294991ED000A2A
:101D500080ED010A274991ED000A80ED020A26482C
:101D6000224A0121D0ED000A244890ED000A2448BF
:101D700004F0B4FD234890ED000A234880ED000AEA
:101D8000224991ED000A80ED010A214991ED000AF6
:101D900080ED020A1F481C4A0121D0ED000A1E48AE
:101DA00090ED000ABDE810401C4804F097BD00000B
:101DB000F40100200C520020F8010020FC0100205A
:101DC00004020020000200208C52002008020020A3
:101DD000185200200C0200201002002018020020DF
:101DE000140200201C5300201C020020245200205A
:101DF00020020020240200202C02002028020020C3
:101E0000D452002030020020305200203402002042
:101E100038020020400200203C02002064530020D1
:101E200010B5B0EE402A2DED028B01289FED311A3E
:101E30009FED318A2DD0022859D1304CF0EE420A64
:101E400094ED010AB8EEC00A04F08AF8F0EE420AF6
:101E50002B4804F07FFC2B48F1EE400AC0ED000A4D
:101E600094ED050A284804F075FC84ED090AB0EEEB
:101E7000402AB0EE480ABDEC028BF0EE401ABDE8F5
:101E80001040B0EE401AF0EE400A02211F4804F064
:101E900081B81F4CF0EE420A94ED010AB8EEC00A78
:101EA00004F05EF8F0EE420A1A4804F053FC1A48B7
:101EB00080ED000A94ED051AF0EE400A1748B0EEE6
:101EC000410A04F047FC84ED090AB0EE402AB0EE66
:101ED000480ABDEC028BF0EE401ABDE81040B0EEAF
:101EE000401AF0EE400A0121084804F053B8BDEC56
:101EF000028B10BD00FC7F460000000064520020F1
:101F00006453002068020020D45200209809002069
:101F10003C5200201C530020640200208C52002000
:101F20007047000000B589B0009100200290039036
:101F300008200490FF208DF81C008DF81D008DF8FE
:101F40001E008DF81F008DF820008DF821008DF8FF
:101F50002200FD208DF8230006AB07AA694602483F
:101F600000F0A8F909B000BD98090020012001F097
:101F70000BB8082001F008B8102001F005B82020A7
:101F800001F002B800B589B00091002002900390E2
:101F900008200490FF208DF81C008DF81D008DF89E
:101FA0001E008DF81F008DF820008DF821008DF89F
:101FB0002200FC208DF8230006AB07AA69460248E0
:101FC00000F078F909B000BD9809002072B6FEE76C
:101FD00010B502460878C0F30010106088784B787E
:101FE00040EA03205060CB780C791B0143EA1413BC
:101FF00093604B79097901F00F0143EA0121D16027
:1020000000F6013043F6FF71081A5060002802DA2A
:102010000844506004E090FBF1F301FB13005060B2
:102020001021F2EE090ABAEE090A50680DF0FEFA24
:1020300082ED040A0C21DFED130A9FED130A90686C
:102040000DF0F4FA82ED050A0C21F3EE020ABBEE64
:10205000020AD0680DF0EAFA82ED060A5068D061F3
:1020600092ED050A82ED080A0848B7EE001AD0ED95
:10207000000A31EE601A20EE011A00EE201A82EDFD
:10208000051A10BD00003442000034C2480200208E
:1020900010B502460878C0F30010106088784B78BD
:1020A00040EA03205060CB780C791B0143EA1413FB
:1020B00093604B79097901F00F0143EA0121D16066
:1020C0001630506043F6FF71002802DA0844506071
:1020D00004E090FBF1F301FB130050601021F2EEDD
:1020E000090ABAEE090A50680DF0A0FA82ED040A56
:1020F0000C21DFED130A9FED130A90680DF096FA9C
:1021000082ED050A0C21F3EE020ABBEE020AD0684A
:102110000DF08CFA82ED060A5068D06192ED050A46
:1021200082ED080A0848B7EE001AD0ED000A31EE39
:10213000601A20EE011A00EE201A82ED051A10BD79
:1021400000003442000034C244020020484C02E047
:1021500001200CF081F820780028F9D0484F0124A4
:10216000DFF810B1DFF81091444DDFF818A14FF0FF
:102170000008FE1F6CE0707833790A18127A1A444E
:102180003271401CC0B270700828F4D33E48007809
:10219000012804D13279012A01D98BF800400128A5
:1021A0000AD19BF80020012A06D17A7822B9F27868
:1021B000521CF2708BF8008001280BD1F278022AB1
:1021C00008D13279022A05D90A7A0AB9C97B09B13C
:1021D00089F80040012807D12978032904D13978EA
:1021E000FF2901D18AF80040022806D1297821B9B7
:1021F0003179042901D989F80040022807D12978CA
:10220000052904D13179032901D989F80040022830
:1022100007D12978062904D17978FF2901D189F8D5
:102220000040022807D12978072904D13978FF29ED
:1022300001D18AF80040042807D12878042804D165
:102240003878FF2801D18AF8004001200CF004F80A
:1022500086F8028040460BF02BF92046B4700BF054
:1022600027F986F8048086F80180084983E7000092
:10227000E7010020E8010020E9010020E50100203D
:10228000DF000020EA010020E4010020B04C002023
:1022900090F82020012A07D0022A05D0416A41F493
:1022A0008021416201207047006842690A4342610F
:1022B00000207047F0B590F820500468A468012D04
:1022C00007D0022D05D0416A41F4802141620120EE
:1022D000F0BD04F0806504F00066354301D1E500EF
:1022E00053D5C4F301640125A5401D608B684FF4EC
:1022F000C0759BB1CE6805EB041733434E6843EAC3
:10230000C6030668F3514FF4C273076803EB041366
:102310000E69FE50097D012909D00DE00E88CB68B9
:1023200005EB041743EA46530668F351EBE70168EF
:10233000CE5846F48076CE501179D379567941EA59
:10234000036193791B0443EA062319434FF4C676CD
:10235000036806EB041699511178D37841EA0361BA
:10236000937852781B0443EA022211434FF4C4735A
:10237000026803EB0413D150006805EB04114258C6
:1023800042F0010242500020F0BD416A41F40011C8
:1023900041620120F0BD000010B590F82020012A14
:1023A00007D0022A05D0416A41F480214162012010
:1023B00010BD3C4800F50070026842F00102026066
:1023C000026822F47C52026002684B6A42EA0322ED
:1023D00002600A7D02F01F0301229A40C369934301
:1023E000C361A0F50070CB69B3B9D0F80C32934348
:1023F000C0F80C328C894B6864F31F434C6900EBC6
:10240000C404C4F840320C890B6864F31F434C6960
:1024100000EBC404C4F84432CB69012B16D1D0F8C8
:102420000C321343C0F80C320C884B6864F31F4322
:102430004C6900EBC404C4F840320C89CB6864F3E7
:102440001F434C6900EBC404C4F844328B697BB170
:10245000D0F804321343C0F804320B6973B1D0F8DA
:1024600014321343C0F81432096A01290CD010E069
:10247000D0F804329343C0F80432EEE7D0F81432B7
:102480009343C0F81432EFE7D0F81C121143C0F8A0
:102490001C12D0F8001221F00101C0F80012002037
:1024A00010BD000000640040704770B590F82040F7
:1024B000012C07D0022C05D0416A41F480214162F1
:1024C000012070BD21B104682469A4072AD003E06B
:1024D0000468E468A4071FD04FF4D874056804EBBF
:1024E00001142D5905F0040595600DB305682D59AB
:1024F000ED08556005682C5904F00204D4604FF4CF
:10250000DA74056804EB01142E5906F00F06082E44
:1025100013D30825156114E0416A41F400114162AA
:10252000012070BD416A41F400114162012070BD7B
:1025300005682D596D0D1560DCE72D5905F00F0567
:10254000156105682D59C5F30725956105682C5956
:10255000240C54614FF4DC72046802EB0112A4589D
:102560001C700468A458240A5C700468A458240CE5
:102570009C700468A258120EDA704FF4DE72046880
:1025800002EB0112A4581C710468A458240A5C715F
:102590000468A458240C9C710468A258120EDA71C5
:1025A00031B10068016941F020010161002070BD76
:1025B0000068C16841F02001C160F7E72DE9F05FD4
:1025C0000546002428684669D0F804908768D0F84A
:1025D0000CA0D0F810B0D0F81880F10748D0F90757
:1025E00014D001218160B80703D5284600F0D6FA3F
:1025F0000CE0780702D54FF4006407E0380702D5F5
:102600004FF4805402E0284600F0C7FAF80516D5CA
:1026100029684FF480708860B80503D5284600F01B
:10262000BFFA0CE0780502D544F4005407E0380501
:1026300002D544F4804402E0284600F0B0FAF803E2
:1026400016D529684FF480308860B80303D5284632
:1026500000F0A8FA0CE0780302D544F4004407E047
:10266000380302D544F4803402E0284600F099FA99
:10267000300707D55FEACA6004D544F400742968BE
:102680001020C86070074FF0080707D55FEA0A708E
:1026900004D52868C760284600F0B8F9B00706D509
:1026A0002868C068800702D0284600F0B1F970069B
:1026B00007D55FEACB6004D544F480642968102014
:1026C0000861B00607D55FEA0B7004D5286807617A
:1026D000284600F033FAF00606D52868006980071E
:1026E00002D0284600F02BFAB00308D55FEAC96093
:1026F00005D5296810204860284600F021FAF0032B
:1027000007D55FEA097004D528684760284600F0BD
:102710004AFA300446D55FEA497040D5F00504D541
:102720005FEAC87001D044F00104B00504D55FEA47
:10273000887001D544F00204700504D55FEA487042
:1027400001D544F00404300529D518F0700F26D0C7
:1027500008F07000402815D006DC102809D0202889
:102760000AD0302816D10AE050280ED0602811D1A6
:102770000EE044F008040DE044F010040AE044F0D8
:10278000200407E044F0400404E044F0800401E049
:1027900044F480742868816921F07001816129689E
:1027A00004204860002C05D0686A204368622846EF
:1027B000FFF77AFEBDE8F09F70B50446002C03D009
:1027C00094F8200010B104E0012070BD204600F014
:1027D0009DF82068016841F00101016000F0D0FC23
:1027E000054605260CE000F0CBFC401B0A2807D963
:1027F000606A40F40030606284F82060012070BD9F
:1028000020684068C007EED02068016821F002010E
:10281000016000F0B5FC05460CE000F0B1FC401B87
:102820000A2807D9606A40F40030606284F82060AA
:10283000012070BD206840688007EED4207E01280A
:102840003FD02068016821F080010160607E01288E
:102850003DD02068016821F040010160A07E012880
:102860003BD02068016821F020010160E07E012852
:1028700039D02068016841F010010160207F0128F3
:1028800037D02068016821F008010160607F0128CD
:1028900035D02068016821F004010160D4E902010B
:1028A0000843D4E90412114308436168491E0843F0
:1028B0002168C86100206062012084F820000020A7
:1028C00070BD2068016841F080010160BEE72068AA
:1028D000016841F040010160C0E72068016841F0F3
:1028E00020010160C2E72068016821F01001016049
:1028F000C4E72068016841F008010160C6E720686C
:10290000016841F004010160C8E700002DE9F041D1
:1029100086B00446142101A8FDF71DFD364B374A49
:10292000DFF8D08018682168344C03260227401C49
:10293000103200254FF0090C414527D118600128BD
:1029400007D1106840F000701060106800F000704F
:102950000090206840F008002060206800F0080027
:1029600000900196029703950496CDF814C001A932
:10297000234800F015FB00220521142001F0FAF98C
:10298000142001F0E9F906B0BDE8F081DFF87480A9
:102990004145F8D1116841F080611160116801F082
:1029A000806100911860012807D1106840F0007024
:1029B0001060106800F000700090206840F0020085
:1029C0002060206800F002000090602001900297D3
:1029D00003950496CDF814C001A90B4800F0E0FA65
:1029E00000220521402001F0C5F9402001F0B4F992
:1029F000C9E70000006400401800002030380240A1
:102A0000000C0240006800400004024070470000D3
:102A100030B589B004466B4602AA00212046FFF774
:102A200044FD3F4884425AD10299A1F50071013911
:102A300005D0012903D0022901D003294FD10298E2
:102A4000401EC1B237480170374800EB01110A88B7
:102A50000A819DF801209DF8003042EA03220A8095
:102A60009DF803209DF8023042EA03224A809DF837
:102A700005209DF8043042EA03228A809DF8062052
:102A80008A710A88B1F90830D31A40F6F672D34237
:102A900002DA4A89521C4A810A88B1F90830D21AEE
:102AA00040F6F6739A4202DD4A89521E4A810A882C
:102AB000B1F90830D21AB1F90A3002EB4332CA60D8
:102AC0001A4D297801290AD10021002300EB0112B7
:102AD0005381D3602B70491CC9B20429F6D3144822
:102AE000844210D1029800280DD19DF800001128D1
:102AF0000BD012280ED001210D48FFF713FA022146
:102B00000B48FFF70FFA09B030BD69460948FFF7D7
:102B1000BFFAF8E769460848FFF75AFAF3E70000FA
:102B200070090020D401002098510020E601002007
:102B3000980900203C5200206452002070477047E2
:102B4000704770B5044694F82000012805D0606AEB
:102B500040F400206062012070BD022084F8200053
:102B60002068016821F00101016000F009FB0546C1
:102B70000DE000F005FB401B0A2808D9606A40F40C
:102B800000306062052084F82000012070BD2068BC
:102B90004068C007EDD1606270BD704770477047F4
:102BA00070477047704770472DE9F0410446A76DA4
:102BB00000F0E6FA054694F835000026022806D013
:102BC0008020606584F834600120BDE8F0812068D1
:102BD000016821F0160101602068416921F080013F
:102BE0004161206C08B9A06C20B12068016821F017
:102BF000080101602068016821F0010101600BE01B
:102C000000F0BEFA401B052806D92020343420628B
:102C1000032060702670D8E720680068C007EFD1F5
:102C200034343F2094F828108840B8600120607048
:102C300026700020C9E790F83510022903D08021C2
:102C4000416501207047052180F835100068016852
:102C500021F0010101600020704700002DE9F843D8
:102C600004464FF00009CDF800906F484FF416511C
:102C70000068B0FBF1F7A56D2E6894F85C0008229F
:102C800002FA00F1314210D02068016849070CD5E2
:102C9000016821F00401016094F85C0002FA00F17F
:102CA000A960606D40F00100606594F85C104FF021
:102CB000010808FA01F0304208D021684969090684
:102CC00004D5A860606D40F00200606594F85C1067
:102CD00004208840304208D021680968890704D55B
:102CE000A860606D40F00400606594F85C101020EE
:102CF0008840304220D02168096809071CD5A860A7
:102D00002068016849030CD50068000304D4216CD5
:102D100091B1204688470FE0A16C69B120468847F1
:102D20000AE00168C90503D4016821F008010160C7
:102D3000216C09B12046884794F85C102020884017
:102D400030424CD021680968C90648D5A86094F87B
:102D5000350005280BD020680168490330D500688C
:102D6000000328D4616C51B32046884737E02068BF
:102D7000016821F0160101602068416921F080019D
:102D80004161206C08B9A06C20B12068016821F075
:102D90000801016094F85C103F208840A86084F826
:102DA000358084F83490216D00293BD001B0204655
:102DB000BDE8F0430847E16B09B1204688470EE0C3
:102DC0000168C90507D4016821F01001016084F889
:102DD000358084F83490E16B09B120468847606DF6
:102DE00000281FD0606DC00714D0052084F835007E
:102DF0002068016821F0010101600098401C0090EA
:102E0000B84203D820680068C007F6D184F835803E
:102E100084F83490E16C002904D001B02046BDE86C
:102E2000F0430847BDE8F883280000202DE9F04171
:102E3000044600F0A5F905465CB1022084F835008F
:102E4000002684F834602068016821F001010160E7
:102E50000DE00120BDE8F08100F092F9401B05284B
:102E600005D920206065032084F83500F2E720684A
:102E70000068C007F0D121680A6820480240D4E900
:102E800001031843D4E903352B43184363691843FE
:102E9000A3691843E3691843236A18431043626A1D
:102EA000042A03D1D4E90B231A4310430860206895
:102EB000406920F00700656A294605430127042977
:102EC0000DD1A06A0543E06A48B12046FEF79AFE9C
:102ED00028B14020606584F835700120BAE7206889
:102EE00045612046FEF778FE94F85C203F21914032
:102EF0008160666584F835700020ABE73F8010F094
:102F000010B51F4C10281BD0202828D0082831D0FD
:102F1000012814D160710DF05DFA01280FD004F181
:102F2000100160690CF072FD2069002807D0154976
:102F30004FF080500860BFF34F8FBFF36F8F10BD0D
:102F4000607840F001006070A07840F00100A0704F
:102F500020790028F3D0BDE810400AF05FBB20784C
:102F600040F00100207020790028E8D0BDE8104032
:102F70000AF054BBE07840F00100E07010BD0000A2
:102F8000FC00002004ED00E010B504490A6802428C
:102F900002D00860FFF7B4FF10BD0000143C0140F0
:102FA0002DE9F84F0022DFF89C914FF0010803272C
:102FB0004FF00F0C09F1040AA9F1040B08FA02F50D
:102FC0000B682B40AB426ED10C7904F00304012C4A
:102FD00001D0022C15D18668540007FA04FE26EAB7
:102FE0000E06D1F80CE00EFA04FE4EEA060EC0F80A
:102FF00008E04468AC430D79C5F3001595402543BE
:1030000045600C79E443A40708D0C568540007FA6A
:1030100004F6B5438E68A6402E43C6600C7904F0D2
:103020000304022C11D1D40800EB8406356A54073E
:10303000E40E0CFA04FE25EA0E05D1F810E00EFAB3
:1030400004FE4EEA050EC6F820E00568540007FAB3
:1030500004F6B5430E7906F00306A6402E4306603B
:103060004C6814F4403F67D0374C256845F48045E0
:103070002560246804F480440094344C22F0030555
:103080002E19D6F8085894074FEA147E0CFA0EF45D
:10309000A5432F4CA04201D1002424E02D4CA04296
:1030A00002D101241FE047E02B4CA04201D10224B1
:1030B00019E02A4CA04201D1032414E0284CA0427C
:1030C00001D104240FE0274CA04201D105240AE0DD
:1030D000254CA04201D1062405E0244CA04201D198
:1030E000072400E0082404FA0EF42C43C6F808482C
:1030F000D9F800409C434D68ED0200D51C43C9F847
:103100000040DAF800409C434D68AD0200D51C43F6
:10311000CAF80040DBF800409C434D68AD0300D581
:103120001C43CBF80040074D083D2C689C434E687B
:10313000F60300D51C432C60521C102AFFF43EAF4E
:10314000BDE8F88F083C014044380240003001409F
:10315000000002400004024000080240000C02404F
:10316000001002400014024000180240001C0240FF
:10317000002A01D081617047090481617047000015
:1031800001488068704700001C00002070B50446AC
:10319000002C04D094F83D00002510B106E0012079
:1031A00070BD84F83C50204600F0A0FC242084F838
:1031B0003D002068016821F001010160206801687C
:1031C00041F4004101602068016821F40041016080
:1031D00000F0CCFE4F4B6168994203D84E498842BB
:1031E00003D304E04D49884201D2012070BD4C490F
:1031F000B0FBF1F12268566826F03F060E43566098
:1032000062689A4201D8491C07E04FF49672514314
:103210004FF47A72B1FBF2F1491C2268166A26F06B
:103220003F06314311626168994210D84900401E3F
:10323000B0FBF1F2521CC2F30B02042A01D20420AB
:1032400022E0B0FBF1F0401CC0F30B001CE0A268D0
:10325000F2B301EBC10303EB0116431EB3FBF6F31C
:103260005B1C43F480431B0549D092B301EBC102C0
:1032700002EB0111401EB0FBF1F0401CC0F30B004B
:1032800040F4804040F400402168CA694CF6FF7366
:103290009A431043C861D4E90710014320680268CB
:1032A00022F0C00211430160D4E903010143206808
:1032B000826848F2FF339A4311438160D4E90510D4
:1032C00001432068C26822F0FF021143C16001E09F
:1032D0000EE016E02068016841F0010101602564FC
:1032E000202084F83D00256384F83E50002070BD06
:1032F00001EB4106431EB3FBF6F35B1CB3E7012071
:10330000C2E701EB4101401EB0FBF1F0401CC0F3ED
:103310000B00B7E7A086010080841E0000093D0075
:1033200040420F002DE9F84F04468A461746994659
:10333000DDF82880FFF724FF054694F83D0020289B
:1033400002D00220BDE8F88F192301229A492046B5
:10335000009502F075FB08B10220F3E794F83C00F9
:10336000012807D0012084F83C0020680168C907C3
:1033700002D005E00220E5E7016841F001010160AB
:103380002068016821F400610160222084F83D007A
:10339000102084F83E00002626646762A4F82A9074
:1033A000608D20858548E0622B4642465146204686
:1033B00002F036F908B10120C4E7208D70B1012870
:1033C00015D0022821D02068016841F48061016095
:1033D0002068416980690090794FE1E02068416987
:1033E00081690091016841F400710160F4E720688F
:1033F000016821F480610160206841698169009160
:10340000016841F400710160E6E72068016821F479
:10341000806101602068016841F4006101602068FA
:10342000416980690090D7E703287DD801280BD037
:1034300002281FD04346002239462046009502F05C
:10344000FFFAE8B301207DE72A464146204602F014
:10345000B1FB08B1012075E720680069616A087056
:10346000606A401C6062208D401E2085608D401E79
:10347000608595E04346002239462046009502F0DB
:10348000DFFA08B101205DE72068016841F40071AE
:10349000016020680069616A0870606A401C6062AF
:1034A000218D491E2185618D491E6185216809692B
:1034B0000170606A401C6062208D401E208500E023
:1034C00003E0608D401E60856AE02068016821F499
:1034D0008061016020680069616A0870606A401C50
:1034E0006062208D401E2085608D401E60854346B1
:1034F000002239462046009502F0A2FA08B10120C8
:1035000020E72068016841F40071016020680069CB
:10351000616A0870606A401C6062218D491E2185C5
:10352000618D491E618500E00CE021680969017028
:10353000606A401C6062208D401E2085608D401EA8
:1035400060852DE02A464146204602F033FB08B153
:103550000120F7E620680069616A0870606A401C13
:103560006062208D401E81B22185608D401E608585
:1035700020684269D243520712D4032903D101685B
:1035800021F48061016020680069616A0870606AE6
:10359000401C6062208D401E2085608D401E60852D
:1035A000208D00287FF440AF20203C346070A6704E
:1035B00026700020C6E60000020010000000FFFF99
:1035C000040001002DE9F84F04468A461546994645
:1035D000DDF82880FFF7D4FD064694F83D0020284A
:1035E00002D00220BDE8F88F192301224549204668
:1035F000009602F025FA08B10220F3E794F83C00A7
:10360000012807D0012084F83C0020680168C90720
:1036100002D005E00220E5E7016841F00101016008
:103620002068016821F400610160212084F83D00D8
:10363000102084F83E00002727646562A4F82A90D1
:10364000608D20853048E062334642465146204630
:1036500002F070F808B10120C4E720684169806970
:1036600000903EE032464146204602F0DEFA48B184
:10367000206C042804D12068016841F400710160C5
:103680000120AFE7606A216800780861656A6D1CF7
:103690006562608D401E6085208D401E80B2208551
:1036A00022685169C94349070BD450B12878106189
:1036B000606A401C6062608D401E6085208D401EE7
:1036C000208532464146204602F08EF948B1206CF2
:1036D000042804D12068016841F4007101600120D0
:1036E00080E7208D0028BDD11F3454F81F0C0168DD
:1036F00041F4007101602020A077E7776777002010
:1037000070E70000020010000000FFFF2DE9FF4FEE
:1037100083B00446DDE911988A469346109FFFF76F
:103720002FFD054694F83D00202803D0022007B065
:10373000BDE8F08F1923012298492046009502F038
:103740007FF908B10220F2E794F83C00012807D085
:10375000012084F83C0020680168C90702D005E018
:103760000220E4E7016841F001010160206801687E
:1037700021F400610160222084F83D00402084F89B
:103780003E00002626646762A4F82A90608D20859A
:103790008348E062CDE900855A4651462046069BA3
:1037A00002F020F808B10120C1E7208D48B10128BE
:1037B00010D002281CD02068416980690290794F9E
:1037C000E1E02068416981690291016841F400717A
:1037D0000160F4E72068016821F4806101602068DD
:1037E000416981690291016841F400710160E6E775
:1037F0002068016821F4806101602068016841F45B
:10380000006101602068416980690290D7E7032860
:103810007ED801280BD002281FD04346002239460B
:103820002046009502F00CF9F0B301207FE72A460C
:103830004146204602F0BEF908B1012077E7206832
:103840000069616A0870606A401C6062208D401ED9
:103850002085608D401E608595E0434600223946F4
:103860002046009502F0ECF808B101205FE72068DF
:10387000016841F40071016020680069616A0870A4
:10388000606A401C6062218D491E2185618D491E40
:103890006185216809690170606A401C6062208D41
:1038A000401E2085608D00E002E0401E60856AE0D9
:1038B0002068016821F48061016020680069616A04
:1038C0000870606A401C6062208D401E2085608DFB
:1038D000401E60854346002239462046009502F08E
:1038E000AFF808B1012022E72068016841F40071B7
:1038F000016020680069616A0870606A401C60624B
:10390000218D491E2185618D491E6185216800E058
:103910000BE009690170606A401C6062208D401EE6
:103920002085608D401E60852DE02A464146204658
:1039300002F040F908B10120F9E620680069616AE7
:103940000870606A401C6062208D401E81B2218533
:10395000608D401E608520684269D243520712D4B0
:10396000032903D1016821F48061016020680069A6
:10397000616A0870606A401C6062208D401E20856C
:10398000608D401E6085208D00287FF440AF202090
:103990003C346070A67026700020C8E6020010005B
:1039A0000000FFFF040001002DE9FF4F83B0044633
:1039B000DDE911988A469346109DFFF7E1FB064624
:1039C00094F83D00202803D0022007B0BDE8F08F16
:1039D0001923012243492046009602F031F808B12C
:1039E0000220F2E794F83C00012807D0012084F877
:1039F0003C0020680168C90702D005E00220E4E726
:103A0000016841F0010101602068016821F4006152
:103A10000160212084F83D00402084F83E0000270A
:103A200027646562A4F82A90608D20852E48E062A4
:103A3000CDE900865A4651462046069B01F072FFAA
:103A400080B30120C1E732464146204602F0EDF83E
:103A500048B1206C042804D12068016841F4007149
:103A600001600120B1E7606A216800780861656A39
:103A70006D1C6562208D401E80B22085618D491EBF
:103A8000618523685969C94349070BD450B1287827
:103A90001861606A401C6062208D401E2085608D28
:103AA000401E6085208D0028CDD1324641462046FB
:103AB00001F09AFF48B1206C042804D12068016805
:103AC00041F40071016001207FE71F3454F81F0C9E
:103AD000016841F4007101602020A077E7776777E3
:103AE000002072E7020010000000FFFF2DE9F04304
:103AF00087B00546142102A8FCF72DFC4A4C494A20
:103B0000296849480327103400264FF012084FF067
:103B10000409914251D1016841F02001016000681F
:103B200000F0200001900297CDF80C8004960597D4
:103B3000CDF8189002A93D48FFF732FA206840F40A
:103B400080002060206800F480000190394C3848E3
:103B500020604FF06069C4F80490A660E660071525
:103B600027616661A661E6614FF44038C4F82080A1
:103B700066622046FFF75AF908B1FEF727FAAC63F0
:103B8000A5632B482B4C783060342060C4F8049037
:103B90004020A060E66027616661A661E661C4F826
:103BA000208066622046FFF741F908B1FEF70EFA61
:103BB0006C63A56307B0BDE8F0831F4A9142F9D159
:103BC000016841F004010160016801F00401019104
:103BD000016841F001010160006800F001000190FE
:103BE00050150290CDF80C80012504950597CDF86D
:103BF000189002A91148FFF7D3F928020290CDF8D6
:103C00000C8004950597CDF8189002A90C48FFF791
:103C1000C7F9206840F400002060206800F400002C
:103C20000190C7E7005800403038024000140240BD
:103C300040600240680A0020005C0040000802402A
:103C40000000024002488168027811448160704798
:103C50001C00002010B50B48016841F400710160A0
:103C6000016841F480610160016841F48071016084
:103C7000032000F09FF80F2000F006F800F050F845
:103C8000002010BD003C024030B587B0054600243E
:103C90001E48016841F020010160006800F020002A
:103CA000009001A902A800F03DF90598A8B100F024
:103CB0005DF940001649B0FBF1F1491E1648154A5E
:103CC000026040F2E732C260416004618460846156
:103CD00000F068FE04461CB115E000F047F9E9E782
:103CE0000D4800F0F5FE04466CB9372000F034F8BA
:103CF000102D07D200222946372000F03BF8074854
:103D0000056000E0012407B0204630BD4038024085
:103D100040420F0000140040500E00202000002000
:103D200082B00C48016841F480410160006800F4F1
:103D3000804001900748001F016841F080510160F8
:103D4000006800F08050019000220F21901E02B008
:103D500000F010B844380240002809DB00F01F02D0
:103D6000012191404009800000F1E020C0F80011DD
:103D700070470000F0B40D460D4B1B68C3F30223DF
:103D8000C3F10704042C00D90424191D072901D20A
:103D9000002300E0DB1E012606FA04F1491E29403B
:103DA00099409E40761E16403143F0BC05F05EB847
:103DB0000CED00E000F00701054A10684FF6FF0324
:103DC000184040EA01200349084310607047000092
:103DD0000CED00E00000FA052DE9F04704460D4621
:103DE000002C13D0DFF82891D9F80000EFB200F0D2
:103DF0000700A8420CD289F80070D9F8000000F042
:103E00000700A84204D00120BDE8F0870120FBE7AD
:103E10002068404E810712D5400703D5306840F432
:103E2000E05030602078000703D5306840F46040EF
:103E300030603068A16820F0F000084330602078DE
:103E4000C00731D0334960680839012808D00228FA
:103E50000BD0032809D0096889070BD40120D3E7C8
:103E60000968890306D40120CEE70968890101D4D5
:103E70000120C9E7316821F0030101433160FFF7F8
:103E80007FF9804641F2883A07E0FFF779F9A0EB25
:103E90000800504501D90320B6E73068616800F09A
:103EA0000C00B0EB810FF0D1D9F8000000F0070052
:103EB000A84209D989F80070D9F8000000F007007D
:103EC000A84201D001209FE72078400705D530683F
:103ED000E16820F4E050084330602078000706D500
:103EE0003068216920F4604040EAC100306000F091
:103EF0005DF83168084AC1F30311515CC8400749B5
:103F0000086007480068FFF7BFFE00207CE700005C
:103F1000003C0240083802406008010828000020E8
:103F2000200000200F2202600B4A136803F00303F5
:103F30004360136803F0F0038360136803F4E053F5
:103F4000C360126802F46042D2080261034800684C
:103F500000F007000860704708380240003C02404B
:103F600001480068704700002800002000B5FFF7F6
:103F7000F7FF04490968044AC1F38221515CC84033
:103F800000BD0000083802407008010800B5FFF7C6
:103F9000E7FF04490968044AC1F34231515CC84053
:103FA00000BD0000083802407008010810B517482D
:103FB000006810F00C01164816D0164B042912D0D8
:103FC000082911D1114C241F216801F03F022168FA
:103FD00049020AD52068C0F38810A0FB0301002322
:103FE000FCF74EF909E0184610BD21680023C1F323
:103FF0008811A1FB0001FCF743F92168C1F30141DD
:10400000491C4900B0FBF1F010BD00000838024027
:104010000024F400001BB7002DE9F84F0446002CE3
:1040200013D02078DFF8A083C007A8F1040556D08C
:1040300008F104000168C1F3810101290CD0006876
:10404000C0F38100022803D00DE00120BDE8F88F05
:10405000D8F80000400206D5286880033FD5606884
:1040600070BB0120F2E76068B0F5803F10D0B0F57A
:10407000A02F12D0286820F480302860286820F40F
:10408000802028606068E0B1FFF77AF8064614E007
:10409000286840F480302860F4E7286840F48020E5
:1040A0002860286840F480302860EBE7FFF768F864
:1040B000801B642801D90320C8E728688003F5D550
:1040C0000DE0FFF75DF8064606E0FFF759F8801BA4
:1040D000642801D90320B9E728688003F5D4207843
:1040E000BA4F80074FF0000948D5B748001D016856
:1040F00011F00C0F08D00068C0F38100022813D122
:10410000D8F8000040020FD42868800704D5E06882
:10411000012801D0012099E72868216920F0F800E2
:1041200040EAC100286029E0E068B8B101203860A9
:10413000FFF726F8064606E0FFF722F8801B022864
:1041400001D9032082E728688007F5D5286821690E
:1041500020F0F80040EAC10028600FE0C7F80090A6
:10416000FFF70EF8064606E0FFF70AF8801B022864
:1041700001D903206AE728688007F5D42078000772
:1041800029D5DFF844A2924861690AF1700A89B121
:1041900001210160FEF7F4FF064606E0FEF7F0FF9E
:1041A000801B022801D9032050E7DAF800008007BD
:1041B000F4D510E0C0F80090FEF7E2FF064606E0F6
:1041C000FEF7DEFF801B022801D903203EE7DAF864
:1041D00000008007F4D42078400778D54FF0000A1B
:1041E00079483C300068C0000BD477483C30016807
:1041F00041F080510160006800F0805000904FF065
:10420000010ADFF8D0B1DBF80000C00514D4DBF8F8
:10421000000040F48070CBF80000FEF7B1FF0646C6
:1042200006E0FEF7ADFF801B022801D903200DE751
:10423000DBF80000C005F4D5634EA0686C36012899
:104240000FD0052812D0306820F0010030603068AF
:1042500020F004003060A068F8B1FEF791FF8346BB
:1042600017E0306840F001003060F4E7306840F05B
:1042700004003060306840F001003060EBE7FEF78A
:104280007FFFA0EB0B0141F28830814201D903206E
:10429000DCE630688007F2D510E0FEF771FF834658
:1042A00009E0FEF76DFFA0EB0B0141F2883081427F
:1042B00001D90320CAE630688007F2D4BAF1010FB1
:1042C00005D141483C30016821F080510160A0696E
:1042D000C0B33D49091D09684FF0FF36C1F38101A4
:1042E000022946D0022805D0C7F86090FEF748FFA3
:1042F00004463AE0C7F86090FEF742FF814607E0C7
:10430000FEF73EFFA0EB0900022801D903209DE63D
:1043100028688001F4D4D4E907010843616AA26ADD
:10432000890106EB520241EA0241084394F82C103D
:1043300040EA0160C8F8000001203866FEF720FF5F
:10434000044607E03DE0FEF71BFF001B022801D9F1
:1043500003207BE628688001F5D532E0FEF710FFE8
:10436000001B022801D9032070E628688001F5D4DB
:1043700027E0012823D0D8F80000E26900F480018A
:1043800091421AD1226A00F03F01914215D147F6BD
:10439000C071626A0140B1EB821F0ED1A26A00F4C3
:1043A000403106EB5202B1EB024F06D194F82C10CB
:1043B00000F07060B0EB016F03D0012046E60120F1
:1043C00044E6002042E60000043802400000474274
:1043D000800E4742007000407047000038B5044628
:1043E000206842688168C9434B060AD5CB0708D1CB
:1043F000D3435B0605D4216C01B02046BDE83040B4
:1044000008478B0708D4D3431B0605D4616C01B061
:104410002046BDE8304008478B0603D54B0601D542
:10442000CB0551D4D3439B064ED44B060AD494F803
:104430005130032B49D0636D43F004036365C368B7
:10444000836800938B0609D4636D43F001036365B1
:1044500083680093036823F040030360C80506D413
:10446000606D40F008006065206880680090606DB5
:10447000002829D02068416821F0E0014160012036
:1044800084F85100900701D4D00722D020684168F9
:1044900021F003014160114DE06C40B10565E06C15
:1044A000FEF7C9FB18B1606D40F040006065A06C7C
:1044B000002809D00565A06CFEF7BDFB002803D0DD
:1044C000606D40F04000606538BDC1688068009054
:1044D00038BD2046FFF780FF38BD00000983000883
:1044E00070B50446002C09D0606A002540B12561F2
:1044F0006561A56294F8510040B10CE0012070BDE7
:104500006068B0F5827FF4D0E561F2E784F850503E
:10451000204600F045F8022084F851002068016828
:1045200021F040010160A088218900F4827001F42B
:1045300004410843A18901F400610843217C01F092
:1045400002010843217D01F001010843218B01F4A0
:1045500000710843217F01F03801084394F82010CE
:1045600001F080010843218D01F4005108432168C6
:104570000860A069042101EA104094F8241001F0B9
:1045800010010843216848602068C16921F4006176
:10459000C1616565012084F85100002070BD0000F4
:1045A0002DE9F04387B00546142102A8FBF7D3FE9E
:1045B0003D492868884274D100263C48016841F48E
:1045C00080510160006800F4805001903748143831
:1045D000016841F002010160016801F002010191EE
:1045E000016841F001010160006800F001000190E4
:1045F000182002904FF00208CDF80C804FF001090E
:10460000CDF81090032405940527069702A92848A1
:10461000FEF7C6FC80200290CDF80C80CDF81090FB
:104620000594069702A92348FEF7BAFC234C2248BA
:1046300020604FF0C068C4F80480A660E6600715EB
:1046400027616661A661E6614FF4403020626662D0
:104650002046FEF7EBFB08B1FDF7B8FCEC64A56360
:104660001548164C183060342060C4F8048040208F
:10467000A060E66027616661A661E661C002206213
:1046800066622046FEF7D2FB08B1FDF79FFCAC64E2
:10469000A563002205212320FFF76CFB2320FFF7F1
:1046A0005BFB07B0BDE8F0830030014044380240B6
:1046B000000402400000024040640240800B0020E1
:1046C0002DE9FF4F81B004460E9E93461F460125FB
:1046D000FEF756FD804694F85100616801280AD023
:1046E000B1F5827F03D1A16809B9042803D0022063
:1046F00005B0BDE8F08F0298A0B3BBF1000F32D037
:10470000380030D094F8500001282ED04FF0010A24
:1047100084F850A094F85100042802D0052084F8B1
:1047200051004FF00009C4F85490C4F838B0E7873E
:10473000A78702982063E786A786C4F84090C4F84C
:10474000449020680168490603D4016841F04001A3
:104750000160E068B0F5006F09D06068F0B3012F28
:104760004DD082E0FFE70120C2E70220C0E7606889
:1047700008B1012F3CD1206B21680088C860206BF4
:10478000801C2063E08E401EE08631E02068816856
:1047900089070DD5E18E59B1012D09D1216B098809
:1047A000C160206B801C2063E08E401EE0860025E7
:1047B00020688168C9070BD0E18F49B1C068A16B3F
:1047C0000880A06B801CA063E08F401EE08701255D
:1047D000FEF7D6FCA0EB0800B04200E00FE007D3E4
:1047E000701C05D084F851A084F8509003207FE716
:1047F000E08E0028CAD1E08F0028C7D13BE0206BB3
:10480000216800780873206B401C2063E08E401EF6
:10481000E0862AE02068816889070DD5E18E59B1CC
:10482000012D09D1216B09780173206B401C206395
:10483000E08E401EE086002520688168C9070BD005
:10484000E18F49B1C068A16B0870A06B401CA063E8
:10485000E08F401EE0870125FEF792FCA0EB0800E8
:10486000B04201D3701C12D18EB1E08E0028D1D19C
:10487000E08F0028CED142463146204603F04CFD61
:1048800058B12020606584F85090012030E784F80A
:1048900051A084F8509003202AE7A06818B9206836
:1048A000C1688068009084F851A084F85090606DD1
:1048B00008B101201CE700201AE77047704710B5C7
:1048C00090F83C20012A22D0012280F83C20CA68BE
:1048D00000238C6822F4407222434C6822F48062E8
:1048E00022430C6822F4006222430C6922F48052B5
:1048F00022434C6922F400522243C96922F48042C7
:104900000A4301684A6480F83C30002010BD022050
:1049100010BD000070B590F83C20012A31D001266E
:1049200080F83C60022280F83D2002685468936859
:1049300024F070050C682C435460134C0268A242AA
:1049400014D0B2F1804F11D0104CA2420ED0104CB6
:10495000A2420BD00F4CA24208D00F4CA24205D06D
:104960000E4CA24202D00E4CA24204D123F080038E
:104970004968194391603C30467000210170002065
:1049800070BD022070BD0000000001400004004026
:1049900000080040000C00400004014000400140BD
:1049A0000018004010B50446002C03D094F83D00D8
:1049B00010B107E0012010BD002084F83C00204623
:1049C00000F016F8022084F83D00211D206803F055
:1049D00079FE01203D3460726070A070E07020713B
:1049E0006071A071E07120722070002010BD000085
:1049F00008B50068124A1349904208D1086840F08F
:104A000001000860086800F00100009008BD0E4A2F
:104A1000904208D1086840F002000860086800F081
:104A20000200009008BD094A9042FBD1086840F49A
:104A300000300860086800F40030009008BD0000F5
:104A4000000001404438024000040140004401409D
:104A500090F83D10012901D001207047022180F813
:104A60003D1000681349884214D0B0F1804F11D036
:104A7000114988420ED0114988420BD01049884212
:104A800008D01049884205D00F49884202D00F490A
:104A9000884209D1816801F00701062908D0016820
:104AA00041F00101016003E0016841F00101016092
:104AB0000020704700000140000400400008004052
:104AC000000C00400004014000400140001800407C
:104AD00090F83D10012901D001207047022180F893
:104AE0003D100168CA6842F00102CA6000681449BA
:104AF000884214D0B0F1804F11D0124988420ED0B4
:104B0000114988420BD01149884208D01049884287
:104B100005D01049884202D00F49884209D18168E6
:104B200001F00701062908D0016841F00101016088
:104B300003E0016841F001010160002070470000BE
:104B4000000001400004004000080040000C00404C
:104B500000040140004001400018004070B50446C8
:104B6000002594F83C00012817D0012684F83C6009
:104B7000022084F83D002068826822F0770222F447
:104B80007F4282600868502838D00DDC202853D03E
:104B900005DC90B3102811D14EE0022070BD302802
:104BA0004AD040280AD13DE0602831D070280CD08E
:104BB000B0F5805F03D0B0F5005F12D001253C3422
:104BC000667000202070284670BDCB68D1E90121B5
:104BD000206803F0F2FD2068816841F07701816070
:104BE000EDE7CB68D1E90121206803F0E6FD2068FC
:104BF000816841F480418160E1E71DE0CA6849684D
:104C0000206803F0BDFE5021206803F0E0FDD6E7E8
:104C1000CA684968206803F0C4FE6021206803F078
:104C2000D6FDCCE7CA684968206803F0A9FE402198
:104C3000206803F0CCFDC2E722680146104603F06D
:104C4000C6FDBCE770472DE9F04104462068C56801
:104C500006694FF00007B10714D5A90712D5F91E50
:104C600001610120207720688069800703D02046F9
:104C7000FFF7E8FF05E0204600F0F4F8204600F0DA
:104C800084F92777700717D5680715D521686FF065
:104C900004000861022020772068806910F4407FBA
:104CA00003D02046FFF7CEFF05E0204600F0DAF8FB
:104CB000204600F06AF92777300716D5280714D563
:104CC00021686FF008000861042020772068C0691F
:104CD000800703D02046FFF7B5FF05E0204600F02F
:104CE000C1F8204600F051F92777F00617D5E806FD
:104CF00015D521686FF01000086108202077206822
:104D0000C06910F4407F03D02046FFF79BFF05E009
:104D1000204600F0A7F8204600F037F92777F00783
:104D200008D0E80706D021686FF00100086120462E
:104D300000F09AF9300608D5280606D521686FF0EC
:104D4000800008612046FFF7B8FD700608D56806A8
:104D500006D521686FF040000861204600F08EF90A
:104D6000B0060AD5A80608D521686FF020000861B2
:104D70002046BDE8F041FFF7A1BDBDE8F08100008D
:104D8000F0B587B00446142102A8FBF7E4FA2D4BD6
:104D9000216800242C4802250122994214D101687F
:104DA00041F010010160006800F0100001904FF424
:104DB000D4400290039504940594069202A92348D6
:104DC000FEF7EEF807B0F0BD214B402703269942CD
:104DD00022D1016841F480710160016801F48071A1
:104DE0000191016841F004010160006800F00400D5
:104DF00001900297039504940594069602A915481C
:104E0000FEF7CEF80297039504940594069602A93E
:104E10001148FEF7C5F8D5E7104B9942D2D1016889
:104E200041F020010160006800F02000019002972D
:104E3000039504920596069602A90948FEF7B0F874
:104E4000C0E700000000014030380240001002407E
:104E500000040140002002400008024000440140DC
:104E600000140240704770B504460D46002694F8C1
:104E70003C0001280FD0012084F83C006AB1042ACC
:104E80001FD0082A32D00C2A44D00126002084F8F2
:104E90003C00304670BD022070BD2946206803F0FA
:104EA0009FFC2068816941F0080181612068816967
:104EB00021F004018161206881692A6911438161BF
:104EC000E4E72946206803F0BFFC2068816941F4CB
:104ED000006181612068816921F4806181612068BD
:104EE00081692A6941EA02218161CFE72946206868
:104EF00003F0E4FC2068C16941F00801C161206849
:104F0000C16921F00401C1612068C1692A691143A6
:104F1000C161BBE72946206803F008FD2068C1692C
:104F200041F40061C1612068C16921F48061C161FF
:104F30002068C1692A6941EA0221C161A6E710B56A
:104F40000446002C03D094F83D0010B107E0012086
:104F500010BD002084F83C00204600F015F8022027
:104F600084F83D00211D206803F0ACFB01203D3496
:104F700060726070A070E07020716071A071E0716B
:104F800020722070002010BD7047704710B5044695
:104F9000002909D004290AD008290BD094F841002F
:104FA00001280AD0012010BD94F83E00F8E794F8DB
:104FB0003F00F5E794F84000F2E70220A9B3042986
:104FC00037D0082938D084F841000122206803F046
:104FD000E7FB1E4920681E4A884201D0904203D157
:104FE000436C43F4004343642068884213D0B0F11B
:104FF000804F10D0174988420DD0174988420AD0F7
:105000001649884207D0904205D01549884202D0FF
:105010001449884213D1816801F00701062912D092
:10502000016841F0010101600DE0FFE784F83E00F6
:10503000CBE784F83F00C8E784F84000C5E7016883
:1050400041F001010160002010BD0000000001409E
:10505000000401400004004000080040000C004033
:10506000004001400018004000680349884201D117
:10507000FEF7E8BD7047000000140040704770471D
:1050800070470000F8B5044622681068D16853697B
:1050900000F00F06002E08D1850606D58D0604D532
:1050A0002046BDE8F84003F0CABC0025002E66D0BB
:1050B00003F0010601F49077374360D0C20705D0B2
:1050C000CA0503D5626C42F001026264420705D54D
:1050D000DA0703D0626C42F002026264820705D5EF
:1050E000DA0703D0626C42F004026264020707D55B
:1050F00001F02002324303D0626C42F00802626485
:10510000626C002A31D0800604D5880602D520467C
:1051100003F095FC20684069C0F38010616C0907BA
:1051200000D438B3204603F056FC2068406940069E
:105130001CD52068143050E8001F21F0400140E8E1
:105140000012002AF5D1E06B60B159490165E06BAE
:10515000FDF771FD002808D0E06B016D01B0BDE8DE
:10516000F04008472046FFF78BFFF8BD2046FFF7C9
:1051700087FFF8BD2046FFF783FF6564F8BD236B0A
:10518000012B7DD1C3067BD5CB067FD51068506837
:10519000009050694FF0200340064FF0020644D5BE
:1051A000E16B0868406880B20028E7D0A28D824297
:1051B000E4D9E085C869B0F5807F2DD020680C3037
:1051C00050E8001F21F4807140E80012002AF5D158
:1051D0002068143050E8001F21F0010140E800125F
:1051E000002AF5D12068143050E8001F21F040015A
:1051F00040E80012002AF5D184F842302563206887
:105200000C3050E8001F21F0100140E80012002A85
:10521000F5D1E06BFDF7C8FC6663A08DE18D401A07
:1052200081B22046FFF72BFFF8BDA08DE18D401A1B
:1052300081B2E08D0028F7D00029F5D020680C302D
:1052400050E8002F22F4907240E80027002FF5D19B
:105250002068143050E8002F22F0010240E80027B7
:10526000002FF5D184F84230256320680C3050E8D7
:10527000002F22F0100240E80023002BF5D100E0BF
:1052800004E066632046FFF7FAFEF8BD020606D585
:105290000A0604D52046BDE8F84003F0DBBC400612
:1052A000F3D54806F1D52046BDE8F84003F0BABB77
:1052B000C789000870B50446002C04D094F841005A
:1052C000002510B106E0012070BD84F84050204652
:1052D00000F024F8242084F841002068C16821F4FB
:1052E0000051C160204603F00FFC2068016921F4E1
:1052F000904101612068416921F02A0141612068E3
:10530000C16841F40051C1606564202084F8410007
:1053100084F842006563002070BD00002DE9F04173
:1053200086B00646142101A8FBF715F85849574BDB
:1053300030680025564A1439022403274FF0070825
:10534000984238D1106840F010001060106800F0EA
:1053500010000090086840F002000860086800F043
:1053600002000090086840F001000860086800F042
:105370000100009080200190029403950497CDF8DD
:10538000148001A94348FDF70BFE2002019002940E
:1053900003950497CDF8148001A93F48FDF700FE5E
:1053A000002205212520FEF7E5FC2520FEF7D4FC90
:1053B00006B0BDE8F081394B98423FD13448001F18
:1053C000026842F480220260006800F480200090AD
:1053D000086840F004000860086800F004000090CD
:1053E0004FF440600190029403950497CDF8148027
:1053F00001A92B48FDF7D4FD2B4C2A4820604FF023
:1054000000606060A560E560401420616561A56191
:10541000E5614FF44030206265622046FDF706FDED
:1054200008B1FCF7D3FDF463A66300220521272011
:10543000FEF7A0FC2720FEF78FFCB9E71B4B984234
:10544000B6D1106840F020001060106800F0200015
:105450000090086840F040000860086800F04000D4
:1054600000904FF484400190029403950497082023
:10547000059001A90E48FDF793FD00220521472064
:10548000FEF778FC4720FEF767FC91E7001001402B
:10549000443802400004024000000240004800403E
:1054A0000008024028600240F00D00200014014076
:1054B0000018024090F84230202B01D002207047A3
:1054C00021B11AB10023036303F0A8BB0120704788
:1054D00010B5044613492068884214D1134B124872
:1054E000197802783039181F89B2012A03D1018056
:1054F0005B78303B4380022A00D1018002220B49B5
:105500000B48FFF7D7FF0B492068884208D108F005
:10551000CBF9BDE81040012207490848FFF7CABF90
:1055200010BD000000100140ED010020F800002037
:10553000180D00200014014097020020A80D002043
:105540002DE9F84304460E4615461F4694F84100DF
:10555000202802D00220BDE8F8837EB175B100207A
:105560006064212084F84100FDF70AFE8146A5848D
:10557000E584A068B0F5805F02D003E00120EAE78F
:10558000206920B1354600264FF0200815E000259F
:10559000FAE74B46002280212046009703F089FB62
:1055A00018B184F841800320D5E7ADB1216815F822
:1055B000010B4860E08C401EE084E08C0028E8D1BC
:1055C0004B46002240212046009703F072FB50B169
:1055D00084F841800320BEE736F8020B2168C0F34F
:1055E00008004860E6E784F841800020B3E7704790
:1055F000FEE701684A69D24352050FD46FF4806216
:105600004A61002140F8301F2022427381730269F1
:1056100042F00402026101730120704700207047CC
:105620002DE9F84F04468B4692461D46E06A2168F4
:105630000A6842F480620A60082808D0012806D06F
:1056400010F5803F03D0206B112806D00AE02068B7
:10565000016841F48071016004E02068016841F450
:10566000807101604FF001185346002241462046E8
:10567000009500F0E5F94FF4007738B12068006834
:10568000C00500D527640320BDE8F88F2069DFF846
:10569000A090B0F5804F10D021680BF44076F02038
:1056A00040EAD61008612B46524609F10601204611
:1056B00000F01CFA40B10120E6E721680BF0FF0082
:1056C00040F00100086128E021680BF0FF0008614C
:1056D0002B4652464946204600F008FA08B1012000
:1056E000D2E72068416981690091016841F48071C5
:1056F00001605346002241462046009500F0A0F983
:1057000030B120680068C00500D527640320BBE7DE
:105710002168F12040EAD61008612B4652464946DE
:10572000204600F0E3F908B10120ADE70020ABE727
:1057300002000100F8B504460D4617461E46E06A11
:10574000082808D0012806D010F5803F03D0206B30
:10575000122806D00AE02068016841F480710160D7
:1057600004E02068016841F4807101603B4600223A
:105770004FF001112046009600F062F940B1206818
:105780000068C00502D54FF4007020640320F8BD06
:105790002069B0F5804F0FD005F44070F02141EA48
:1057A000D0102168086133463A460D49204600F082
:1057B0009DF930B10120F8BD216805F0FE000861B7
:1057C00002E02168E8B20861054933463A46891F7C
:1057D000204600F08BF908B10120F8BD0020F8BD8B
:1057E000080001002DE9F84F04460B9E0F46904635
:1057F0001D462068016841F48061016020680168ED
:1058000041F48071016000964FF0011A0022514668
:1058100020460A9B00F014F94FF4007940B120684B
:105820000068C00501D5C4F840900320BDE8F88F9A
:10583000216807F0FE000861DFF8E4B033465946FE
:1058400020460A9A00F052F908B10120EEE72068DC
:10585000416980690090324620460A9900F0E5F9D6
:1058600048B1206C042804D12068016841F400711B
:1058700001600120DAE7284608F0FF0501280DD075
:1058800021684FEA18200861324620460A9900F044
:10589000CCF968B1206C042803D007E020680561CA
:1058A00008E02068016841F4007101600120BDE753
:1058B00020680561324620460A9900F0B6F948B1E1
:1058C000206C042804D12068016841F40071016053
:1058D0000120ABE72068016841F480710160009607
:1058E0000022514620460A9B00F0AAF838B12068F1
:1058F0000068C00501D5C4F84090032096E72168F0
:10590000F8B240F0010008613346594620460A9A31
:1059100000F0ECF808B1012088E7002086E70000DD
:10592000020001002DE9F8430446DDE908970D4621
:10593000164698462068016841F4807101604B4624
:1059400000224FF001112046009700F079F848B18D
:1059500020680068C00502D54FF400702064032061
:10596000BDE8F883216805F0FE0008613B464A4621
:105970001C49204600F0BAF808B10120F0E7206881
:105980004169806900903A464946204600F04DF949
:1059900048B1206C042804D12068016841F40071EA
:1059A00001600120DCE7F5B2B8F1010F0CD02168ED
:1059B000300A08613A464946204600F036F968B197
:1059C000206C042803D007E02068056108E0206807
:1059D000016841F4007101600120C1E720680561A0
:1059E0000020BDE70200010070B504460D461646D2
:1059F0001FE02046FFF7FDFD08B1012070BD681CC7
:105A000017D0FDF7BDFB801BA84200D88DB92068D8
:105A10004069C04340070CD5002044F8300F2021D6
:105A20006173A073216941F020012161207301207D
:105A300070BD20684069C0434007DAD4002070BDC3
:105A40002DE9F0470446DDF820900D4690461E46AD
:105A5000C5F307472FE0701C2DD0FDF791FBA0EB9D
:105A60000900B04200D836BB012F17D020688069EA
:105A700025EA00000004000C1BD0002040451AD18C
:105A8000002044F8300F20216173A073216941F098
:105A90002001216120730120BDE8F0872068406962
:105AA00025EA00000004000C01D00020E6E70120F8
:105AB000E4E70120E2E7012F0BD02068806925EAA6
:105AC00000000004000C0FD000204045C3D000208F
:105AD000E2E72068406925EA00000004000C01D0DC
:105AE0000020F2E70120F0E70120EEE72DE9F04782
:105AF00004460D46164698464FF000094FF0200A1E
:105B0000C5F3074743E020684069C043400517D408
:105B10002068016841F40071016021686FF48060C1
:105B20004861C4F8309084F83DA084F83E90206C21
:105B300040F00400206484F83C900120BDE8F08728
:105B4000701C24D0FDF71CFBA0EB0800B04200D86D
:105B5000EEB9012F14D02068806925EA0000000406
:105B6000000C14D0C4F8309084F83DA084F83E9026
:105B7000206C40F02000206484F83C900120DDE798
:105B80002068406925EA00000004000CEAD1012FDA
:105B900008D02068806925EA00000004000CB2D11A
:105BA0000020CBE72068406925EA00000004000CD3
:105BB000F6D0A8E72DE9F04104460D461646002729
:105BC0004FF020082AE04069C043C0060FD4216886
:105BD0006FF010004861276384F83D8084F83E70C0
:105BE000206C206484F83C700120BDE8F081FDF752
:105BF000C7FA801BA84200D885B920684069C04315
:105C000040060BD544F8307F84F80D80A7732069D7
:105C100040F02000206127730120E6E720684169F9
:105C2000C9434906CFD40020DFE770B504460D46CE
:105C300016461FE02046FFF7DCFC08B1012070BDCE
:105C4000681C17D0FDF79CFA801BA84200D88DB9BC
:105C500020684069C04300060CD5002044F8300F8E
:105C600020216173A073216941F02001216120731B
:105C7000012070BD20684069C0430006DAD40020CE
:105C800070BD00001CB5072008F0E6FA02E06420B1
:105C900008F0E2FAFBF73AFB0028F8D102E06420B2
:105CA00008F0DAFA07F0C2FD0028F8D19C4A019208
:105CB000A2F11004101D211D8246FBF73FFB234675
:105CC000A3F14C0204F16C07A2F10C01A1F10C004C
:105CD000009707F035FCDFED930A9FED930A934A96
:105CE000002104F1880000F0F9FDA4F14C02A2F1BA
:105CF0000C0101F11800FAF7D3FE002008F0E6FAD3
:105D00000AF024FB8A4D68618A491020C861084660
:105D1000FEF7E6FB08B1FCF759F985490822243162
:105D2000A1F1080002F064FA4FF0010885F8048040
:105D30009FED810A7A4E143686ED050A9FED7F0AA3
:105D400086ED060A9FED7E0A86ED070A08F0BCF98B
:105D50004FF0FF394946012009F07CFC0128F9D1B8
:105D60002878400720D5287820F004002870704853
:105D700051462530FBF79AFA94ED050AD6ED050A4F
:105D800030EE600A84ED050A94ED060AD6ED060AA7
:105D900030EE600A84ED060A94ED070AD6ED070A94
:105DA00030EE600A84ED070A687840070AD5687803
:105DB00020F0040068705A4A211D1032A2F12A0016
:105DC000FBF72AFAA87840070CD5A87820F0040041
:105DD000A870574801991A30FBF78CFB94ED040A20
:105DE00007F0A6FC4E4B0097103BA3F14C02A2F12A
:105DF0000C01A1F10C0007F0A3FB49498C39A1F17A
:105E00000C0291ED000A82ED000A01F10C00D0EDC8
:105E1000000AC1ED000ADFED4B1A60EEA10A9FED0A
:105E20004A1A00F1180340EE010A93ED000A9FEDB3
:105E3000472A40EE020AC0ED000A91ED010A82ED08
:105E4000010AD0ED010AC1ED010A60EEA10A40EE9F
:105E5000010A93ED010A40EE020AC0ED010A91ED3C
:105E6000020A82ED020AD0ED020AC1ED020A60EEDA
:105E7000A10A40EE010A93ED020A40EE020AC0EDCB
:105E8000020A02460C3318319FED310A3030FAF71E
:105E900061FFDFF88CB0ABF1400B0BF10403594606
:105EA0001A1DA1F1100007F087FADBED000A9FED43
:105EB000290A0BF10C0020EE801ADFED270AC1EE53
:105EC000201AC0ED001A9BED011A21EE001AC1EE56
:105ED000201AC0ED011A9BED021A21EE001AC1EE44
:105EE000201AC0ED021A94ED051A0C3021EE001AAA
:105EF000C1EE201AC0ED001A94ED061A21EE001A28
:105F0000C1EE201AC0ED011A94ED071A21EE000A25
:105F100080EE201A80ED021A104880F8008019E700
:105F2000D85000200080894500A08C4578080108E1
:105F3000FC000020280B002073DD96BB5CD7DCBA88
:105F40004400113B5AF8F63F5D896EBFD5A9183B56
:105F50006F12833A00003443DB0F4940E701002011
:105F6000F6EE001A70EE600A61EE211AF4EEE10A14
:105F7000F1EE10FA02DD30EE410A7047FEEE001A33
:105F800061EE211AF4EEE10AF1EE10FAF5D230EEEC
:105F9000010A704770B58AB00646F0EE602AB0EE8E
:105FA000413A0191002003900490082005901020B0
:105FB000B2EE091AFAEE090A07F0E2F902460C20DD
:105FC0009FED241ADFED240AB0EE620A07F0D8F93B
:105FD0000346DFED232A0C209FED201AF0EE620A23
:105FE000B0EE430A07F0CCF904460C20B1EE041AD7
:105FF000F0EE620AB0EE610A07F0C2F905460C2025
:10600000B3EE021AFBEE020AB0EE420A07F0B8F94C
:10601000110A8DF820108DF8212019098DF8221011
:10602000190141EA14218DF823108DF82440290923
:106030008DF82510290141EA10218DF826108DF8E0
:10604000270007AB08AA01A93046FCF733F90AB0CC
:1060500070BD000000003442000034C20000FA436A
:106060000000000010B50F480D4901600321416098
:1060700000218160C1604FF4102202614FF40012D0
:106080004261017641768176C17601774177FCF7EE
:1060900093FB002803D0BDE81040FBF797BF10BD6D
:1060A000006400407009002010B50F480D490160E0
:1060B0000321416000218160C1604FF41022026120
:1060C0004FF400124261017641768176C176017704
:1060D0004177FCF771FB002803D0BDE81040FBF7C7
:1060E00075BF10BD006800409809002008B51D4824
:1060F000016841F480010160016801F480010091B0
:10610000016841F400110160006800F40010009083
:10611000002205210C20FDF72DFE0C20FDF71CFEB2
:10612000002205210D20FDF725FE0D20FDF714FEB0
:10613000002205212F20FDF71DFE2F20FDF70CFE6C
:10614000002205213A20FDF715FE3A20FDF704FE56
:10615000002205213B20FDF70DFEBDE808403B2055
:10616000FDF7FABD3038024010B5AAB01C22214913
:1061700023A8FAF7D7F8002123A808F07AF81E4CD4
:1061800020601C221B491C311CA8FAF7CBF8002107
:106190001CA808F06EF860601C221649383115A85A
:1061A000FAF7C0F8002115A808F063F8A0601C22D7
:1061B000104954310EA8FAF7B5F800210EA808F0DE
:1061C00058F8E0601C220B49703107A8FAF7AAF8CA
:1061D000002107A808F04DF820611C2205498C31E8
:1061E0006846FAF79FF80021684608F042F86061B7
:1061F0002AB010BDB0070108000000202DE9F04FC3
:1062000087B0142102A8FAF7A6F800275F480168B2
:1062100041F002010160016801F002010191016891
:1062200041F040010160016801F040010191016805
:1062300041F001010160016801F001010191016873
:1062400041F008010160016801F008010191016855
:1062500041F004010160016801F00401019101684D
:1062600041F480710160016801F48071019101685D
:1062700041F020010160016801F0200101910168F5
:1062800041F080010160016801F080010191016825
:1062900041F010010160006800F010000190DFF88B
:1062A000F080012240214046FCF762FFDFF8E4B0B5
:1062B0004FF4E056012231465846FCF759FFDFF80B
:1062C000D890012210214846FCF752FFDFF8CCA0FD
:1062D000012211465046FCF74BFF4020029001245A
:1062E000039404940225059502A94046FCF758FE44
:1062F000029603940495059702A95846FCF750FEB0
:10630000092002904FF404160396049402A9404613
:10631000FCF746FE1020029003940494059502A910
:106320004846FCF73DFE302002900396049402A9F3
:106330001B48FCF735FE029403940494059502A9CA
:106340005046FCF72DFE062100220846FDF712FDFF
:106350000620FDF701FD002205210920FDF70AFDB9
:106360000920FDF7F9FC002205210A20FDF702FDB6
:106370000A20FDF7F1FC002205211720FDF7FAFCA9
:106380001720FDF7E9FC07B0BDE8F08F3038024078
:1063900000180240001C02400000024000040240BD
:1063A0000008024010B50D480B4901600C494160DE
:1063B00000218160C1604FF48042026141618161CE
:1063C000C1610162FCF7E2FE002803D0BDE8104085
:1063D000FBF7FCBD10BD000000580040C0090020C4
:1063E000801A060010B50D480B4901600C49416048
:1063F00000218160C1604FF480420261416181618E
:10640000C1610162FCF7C2FE002803D0BDE8104064
:10641000FBF7DCBD10BD0000005C0040140A00204A
:10642000801A060010B510480E4901604FF48271C1
:10643000416000218160C16002220261012242614B
:10644000520282613822C2610162416281620A2184
:10645000C162FEF745F8002803D0BDE81040FBF705
:10646000B5BD10BD00300140280B002010B588B02C
:106470001C2101A8F9F76FFF154814490160002499
:106480004460846041F28731C16004618021816190
:10649000FEF788FA08B1FBF799FD0D48FEF74FFDAE
:1064A00008B1FBF793FD60200190029403940594DA
:1064B000002201A90648FEF7D6FC08B1FBF786FDCD
:1064C0000348FEF75DFC08B010BD00000044014029
:1064D000D00C002010B596B000241294139414949C
:1064E0001594109411941C2109A8F9F734FF202168
:1064F00001A8F9F730FF344832490160A721416013
:10650000846044F61F61C160046144618461FEF7E8
:1065100049FA08B1FBF75AFD4FF48050129012A9C6
:106520002948FEF71BFB08B1FBF750FD2648FEF794
:1065300006FD08B1FBF74AFD1094119410A92248FA
:10654000FEF7E8F908B1FBF741FD602009900A94D5
:106550000B940C940D940E940F94002209A91A48E0
:10656000FEF781FC08B1FBF731FD042209A91648AA
:10657000FEF779FC08B1FBF729FD082209A91248AA
:10658000FEF771FC08B1FBF721FD0C2209A90E48AA
:10659000FEF769FC08B1FBF719FD0194029403941E
:1065A000049405944FF400500690089401A90648FD
:1065B000FEF785F908B1FBF709FD0348FEF7E0FB9C
:1065C00016B010BD00000140400C002010B596B080
:1065D00000241294139414941594109411941C2173
:1065E00009A8F9F7B8FE202101A8F9F7B4FE2C4854
:1065F0002A490160A7214160846044F61F61C1609F
:10660000046144618461FEF7CDF908B1FBF7DEFC5B
:106610004FF48050129012A92148FEF79FFA08B15A
:10662000FBF7D4FC1E48FEF78AFC08B1FBF7CEFC52
:106630001094119410A91A48FEF76CF908B1FBF7F1
:10664000C5FC602009900A940B940C940D940E9450
:106650000F94002209A91248FEF705FC08B1FBF7C8
:10666000B5FC042209A90E48FEF7FDFB08B1FBF7B3
:10667000ADFC019402940394049405944FF40050EB
:106680000690089401A90648FEF719F908B1FBF72E
:106690009DFC0348FEF774FB16B010BD00040140DA
:1066A000880C002010B50C480A4901604FF4E13114
:1066B000416000218160C16001610C224261816101
:1066C000C161FEF7F7FD002803D0BDE81040FBF7DD
:1066D0007DBC10BD00100140180D002010B50C4805
:1066E0000A4901600B49416000218160C16001617C
:1066F0000C2242618161C161FEF7DCFD002803D0FC
:10670000BDE81040FBF762BC10BD0000004800402F
:10671000600D0020A086010010B50C480A490160F8
:106720004FF46131416000218160C16001610C2240
:1067300042618161C161FEF7BDFD002803D0BDE863
:106740001040FBF743BC10BD00140140A80D002011
:10675000FEE7FEE7002814D090ED101A80ED111A24
:1067600090ED0F1A80ED101AC0ED060A80ED070AB1
:1067700030EEC00A80ED0F0A017829B1012956D008
:10678000A3E09FED530A7047D0ED010A60EE801A36
:10679000C0ED091AD0ED0A0A90ED022A42EE000A75
:1067A000C0ED0A0A30EE410A9FED4A1A20EE010AB6
:1067B00090ED0D1A9FED482A01EE020A80ED0C0AB9
:1067C00080ED0D0A90ED031A21EE001A80ED0B1AF0
:1067D00090ED050AF4EEC00AF1EE10FA02DD80ED4C
:1067E0000A0A08E0B1EE400AF4EEC00AF1EE10FA2F
:1067F00001D280ED0A0A90ED0A0A31EE800A30EEED
:10680000010A80ED080AD0ED040AB4EEE00AF1EEC8
:1068100010FA02DDC0ED080A57E0F1EE600AB4EEAE
:10682000E00AF1EE10FA50D2C0ED080A4DE0D0EDCA
:10683000010A60EE801AC0ED091AD0ED0A0A90ED47
:10684000022A42EE000AC0ED0A0A90ED0D2A80ED00
:106850000E2A90ED0C2A80ED0D2A30EE410A80EDD3
:106860000C0A90ED031A21EE001A80ED0B1A90ED40
:10687000050AF4EEC00AF1EE10FA02DD80ED0A0A14
:1068800008E0B1EE400AF4EEC00AF1EE10FA01D2CF
:1068900080ED0A0A90ED0A0A31EE800A30EE010A14
:1068A00080ED080AD0ED040AB4EEE00AF1EE10FA29
:1068B00002DDC0ED080A08E0F1EE600AB4EEE00A7D
:1068C000F1EE10FA01D2C0ED080A90ED080A704707
:1068D000000000000AD7A33B52B87E3F002828D012
:1068E000002A26D0017092ED001A80ED011A92ED77
:1068F000011A80ED021A92ED021A80ED031A80ED62
:10690000040AC0ED050A9FED0B0A80ED0E0A80ED2A
:106910000D0A80ED0C0A80ED080A80ED0B0A80ED6F
:106920000A0A80ED090A80ED110A80ED100A80ED57
:106930000F0A70470000000030B5174C23685D69EE
:1069400045F040055D612368DC6844F01004DC60BC
:10695000124C23681D6825F001051D6003E01D68C9
:1069600025F001051D6023681D68ED07F7D1256836
:106970000B4BAB602368D8602068016120684260DF
:106980002068016841F4802101602068016841F0BD
:106990000101016030BD0000600D0020F00D0020FD
:1069A000044800402DE9F74F82B0F74908680268B3
:1069B00022F001020260F54A1068036823F0010327
:1069C000036003E0016821F001010160EE48006806
:1069D0000168C907F6D103E0016821F001010160F7
:1069E000EA4800680168C907F6D1E948E94AEA4B74
:1069F000C06C0190E74CE84DE64EE74F0068DFF8C9
:106A000094B3DFF890C3E449483A6033183418353A
:106A1000303E78374FF400680CF1300C58454CD9B3
:106A2000884201D1202041E0904201D120203DE068
:106A3000984201D1202039E0A04201D1202035E048
:106A4000A84201D1404631E0B04201D140462DE09C
:106A5000B84201D1404629E0604501D1404625E0D9
:106A6000DFF8349309F13009484502D14FF40010A2
:106A70001CE0DFF82093A9F11809484502D14FF432
:106A8000001013E0DFF8109309F19009484502D196
:106A90004FF400100AE0DFF8FC9209F1480948457C
:106AA00002D14FF4001001E04FF00060DFF8E492F3
:106AB000A9F14C09C9F80000F1E0DFF8DC9209F116
:106AC000A80948454CD9884201D1202041E0904294
:106AD00001D120203DE0984201D1202039E0A042A0
:106AE00001D1202035E0A84201D1404631E0B0423A
:106AF00001D140462DE0B84201D1404629E0604531
:106B000001D1404625E0DFF8909209F1300948456F
:106B100002D14FF400101CE0DFF87892A9F11809B7
:106B2000484502D14FF4001013E0DFF86C9209F1F0
:106B30009009484502D14FF400100AE0DFF8549262
:106B400009F14809484502D14FF4001001E04FF027
:106B50000060DFF84092A9F15009C9F800009EE0FA
:106B6000DFF8349209F1480948454CD9884201D1EF
:106B7000202041E0904201D120203DE0984201D107
:106B8000202039E0A04201D1202035E0A84201D1E7
:106B9000404631E0B04201D140462DE0B84201D13B
:106BA000404629E0604501D1404625E0DFF8E89104
:106BB00009F13009484502D14FF400101CE0DFF81C
:106BC000D491A9F11809484502D14FF4001013E0FF
:106BD000DFF8C49109F19009484502D14FF4001043
:106BE0000AE0DFF8B09109F14809484502D14FF4B5
:106BF000001001E04FF00060DFF89C91A9F110094E
:106C0000C9F80C004BE0884201D1202041E09042BD
:106C100001D120203DE0984201D1202039E0A0425E
:106C200001D1202035E0A84201D1404631E0B042F8
:106C300001D140462DE0B84201D1404629E06045EF
:106C400001D1404625E0DFF8509109F1300948456F
:106C500002D14FF400101CE0DFF83891A9F11809B7
:106C6000484502D14FF4001013E0DFF82C9109F1F0
:106C70009009484502D14FF400100AE0DFF8149162
:106C800009F14809484502D14FF4001001E04FF0E6
:106C90000060DFF80491A9F11009C9F80800019813
:106CA0004FF48069006858454CD9884201D11020C2
:106CB00041E0904201D110203DE0984201D11020E6
:106CC00039E0A04201D1102035E0A84201D1484668
:106CD00031E0B04201D148462DE0B84201D14846EA
:106CE00029E0604501D1484625E0DFF8ACE00EF12F
:106CF000300E704502D14FF480101CE0DFF894E0B4
:106D0000AEF1180E704502D14FF4801013E0DFF899
:106D100088E00EF1900E704502D14FF480100AE029
:106D2000DFF870E00EF1480E704502D14FF480108C
:106D300001E04FF08060DFF85CE0AEF14C0ECEF881
:106D40000000EFE0DFF850E00EF1A80E704552D9D8
:106D5000884201D1102047E0904201D1102043E049
:106D6000984201D110203FE0A04201D110203BE029
:106D7000A84201D1484637E0B04201D1484633E04D
:106D8000B8420BD148462FE0800B0020E00B0020DA
:106D9000280B00205864024010600240604501D179
:106DA000484621E0DFF8A4EC704502D14FF4801092
:106DB0001AE0DFF89CEC704502D14FF4801013E02C
:106DC000DFF888EC0EF1600E704502D14FF48010B0
:106DD0000AE0DFF87CEC0EF1600E704502D14FF452
:106DE000801001E04FF08060DFF864ECAEF1380E07
:106DF000CEF8000096E0DFF854EC0EF1180E704566
:106E000048D9884201D110203DE0904201D11020A4
:106E100039E0984201D1102035E0A04201D1102084
:106E200031E0A84201D148462DE0B04201D14846A8
:106E300029E0B84201D1484625E0604501D14846E5
:106E400021E0DFF808EC704502D14FF480101AE021
:106E5000DFF8FCEB704502D14FF4801013E0DFF84F
:106E6000ECEB0EF1600E704502D14FF480100AE099
:106E7000DFF8DCEB0EF1600E704502D14FF48010AC
:106E800001E04FF08060DFF8C4EBAEF1400ECEF8C9
:106E90000C0047E0884201D110203DE0904201D132
:106EA000102039E0984201D1102035E0A04201D1F4
:106EB000102031E0A84201D148462DE0B04201D176
:106EC000484629E0B84201D1484625E0604501D155
:106ED000484621E0DFF874EB704502D14FF4801092
:106EE0001AE0DFF86CEB704502D14FF4801013E02C
:106EF000DFF858EB0EF1600E704502D14FF48010B0
:106F00000AE0DFF84CEB0EF1600E704502D14FF451
:106F1000801001E04FF08060DFF830EBAEF1400E02
:106F2000CEF8080001984FF4007A0068584548D917
:106F3000884201D108203DE0904201D1082039E08B
:106F4000984201D1082035E0A04201D1082031E06B
:106F5000A84201D150462DE0B04201D1504629E06F
:106F6000B84201D1504625E0604501D1504621E0AC
:106F7000DFF8D8EA704502D14FF400201AE0DFF8BC
:106F8000D0EA704502D14FF4002013E0DFF8BCEAEC
:106F90000EF1600E704502D14FF400200AE0DFF8D8
:106FA000B0EA0EF1600E704502D14FF4002001E00E
:106FB0004FF00070DFF898EAAEF1340ECEF8000022
:106FC000E5E0DFF888EA0EF1780E704548D988428E
:106FD00001D108203DE0904201D1082039E09842DB
:106FE00001D1082035E0A04201D1082031E0A842BB
:106FF00001D150462DE0B04201D1504629E0B842BF
:1070000001D1504625E0604501D1504621E0DFF82E
:107010003CEA704502D14FF400201AE0DFF830EA74
:10702000704502D14FF4002013E0DFF820EA0EF1A2
:10703000600E704502D14FF400200AE0DFF810EA3C
:107040000EF1600E704502D14FF4002001E04FF0C8
:107050000070DFF8FCE9AEF1380ECEF8000096E0E3
:10706000DFF8E8E90EF1180E704548D9884201D1E1
:1070700008203DE0904201D1082039E0984201D13A
:10708000082035E0A04201D1082031E0A84201D11A
:1070900050462DE0B04201D1504629E0B84201D11E
:1070A000504625E0604501D1504621E0DFF89CE9DB
:1070B000704502D14FF400201AE0DFF894E97045E2
:1070C00002D14FF4002013E0DFF880E90EF1600EEA
:1070D000704502D14FF400200AE0DFF874E90EF1A8
:1070E000600E704502D14FF4002001E04FF00070B7
:1070F000DFF858E9AEF1400ECEF80C0047E08842C8
:1071000001D108203DE0904201D1082039E09842A9
:1071100001D1082035E0A04201D1082031E0A84289
:1071200001D150462DE0B04201D1504629E0B8428D
:1071300001D1504625E0604501D1504621E0DFF8FD
:107140000CE9704502D14FF400201AE0DFF800E9A5
:10715000704502D14FF4002013E0DFF8F0E80EF1A3
:10716000600E704502D14FF400200AE0DFF8E0E83D
:107170000EF1600E704502D14FF4002001E04FF097
:107180000070DFF8C8E8AEF1400ECEF808000198B4
:10719000DFF8BCE84FF4802B00680EF1180E704544
:1071A00048D9884201D104203DE0904201D1042019
:1071B00039E0984201D1042035E0A04201D10420F9
:1071C00031E0A84202D14FF480702CE0B04202D1ED
:1071D0004FF4807027E0B84202D14FF4807022E073
:1071E000604502D14FF480701DE0DFF860E8704523
:1071F00001D1584617E0DFF858E8704501D15846EC
:1072000011E0DFF848E80EF1600E704501D15846F4
:1072100009E0DFF83CE80EF1600E704501D15846F8
:1072200001E04FF08070DFF828E8AEF1340ECEF8C0
:107230000000E5E0DFF814E80EF1780E704548D95B
:10724000884201D104203DE0904201D1042039E080
:10725000984201D1042035E0A04201D1042031E060
:10726000A84202D14FF480702CE0B04202D14FF41A
:10727000807027E0B84202D14FF4807022E0604570
:1072800002D14FF480701DE0DFF8C0E7704501D1F6
:10729000584617E0DFF8B8E7704501D1584611E0CD
:1072A000DFF8A8E70EF1600E704501D1584609E0FD
:1072B000DFF89CE70EF1600E704501D1584601E001
:1072C0004FF08070DFF888E7AEF1380ECEF800009E
:1072D00096E0DFF878E70EF1180E704548D988423D
:1072E00001D104203DE0904201D1042039E09842D0
:1072F00001D1042035E0A04201D1042031E0A842B0
:1073000002D14FF480702CE0B04202D14FF4807073
:1073100027E0B84202D14FF4807022E0604502D1EC
:107320004FF480701DE0DFF824E7704501D1584626
:1073300017E0DFF81CE7704501D1584611E0DFF88F
:107340000CE70EF1600E704501D1584609E0DFF8F8
:1073500000E70EF1600E704501D1584601E04FF094
:107360008070DFF8E8E6AEF1400ECEF80C0047E0A2
:10737000884201D104203DE0904201D1042039E04F
:10738000984201D1042035E0A04201D1042031E02F
:10739000A84202D14FF480702CE0B04202D14FF4E9
:1073A000807027E0B84202D14FF4807022E060453F
:1073B00002D14FF480701DE0DFF890E6704501D1F6
:1073C000584617E0DFF888E6704501D1584611E0CD
:1073D000DFF878E60EF1600E704501D1584609E0FD
:1073E000DFF86CE60EF1600E704501D1584601E001
:1073F0004FF08070DFF854E6AEF1400ECEF8080092
:107400000198DFF84CE600680EF1180E704548D977
:10741000884201D101203DE0904201D1012039E0B4
:10742000984201D1012035E0A04201D1012031E094
:10743000A84201D140202DE0B04201D1402029E0F6
:10744000B84201D1402025E0604501D1402021E033
:10745000DFF8F8E5704502D14FF480301AE0DFF82C
:10746000F0E5704502D14FF4803013E0DFF8DCE541
:107470000EF1600E704502D14FF480300AE0DFF863
:10748000D0E50EF1600E704502D14FF4803001E07E
:107490004FF48000DFF8B8E5AEF1340ECEF800000E
:1074A000E5E0DFF8A8E50EF1780E704548D988428E
:1074B00001D101203DE0904201D1012039E0984204
:1074C00001D1012035E0A04201D1012031E0A842E4
:1074D00001D140202DE0B04201D1402029E0B84246
:1074E00001D1402025E0604501D1402021E0DFF8B6
:1074F0005CE5704502D14FF480301AE0DFF850E5CA
:10750000704502D14FF4803013E0DFF840E50EF112
:10751000600E704502D14FF480300AE0DFF830E5AC
:107520000EF1600E704502D14FF4803001E04FF44F
:107530008000DFF81CE5AEF1380ECEF8000096E0D2
:10754000DFF808E50EF1180E704548D9884201D1E0
:1075500001203DE0904201D1012039E0984201D163
:10756000012035E0A04201D1012031E0A84201D143
:1075700040202DE0B04201D1402029E0B84201D1A5
:10758000402025E0604501D1402021E0DFF8BCE447
:10759000704502D14FF480301AE0DFF8B4E4704552
:1075A00002D14FF4803013E0DFF8A0E40EF1600E5A
:1075B000704502D14FF480300AE0DFF894E40EF118
:1075C000600E704502D14FF4803001E04FF480002E
:1075D000DFF878E4AEF1400ECEF80C0047E08842C8
:1075E00001D101203DE0904201D1012039E09842D3
:1075F00001D1012035E0A04201D1012031E0A842B3
:1076000001D140202DE0B04201D1402029E0B84214
:1076100001D1402025E0604501D1402021E0DFF884
:107620002CE4704502D14FF480301AE0DFF820E4FA
:10763000704502D14FF4803013E0DFF810E40EF112
:10764000600E704502D14FF480300AE0DFF800E4AC
:107650000EF1600E704502D14FF4803001E04FF41E
:107660008000DFF8E8E3AEF1400ECEF80800F948FC
:10767000DFF8DCE3806C00900EF1180E00687045B6
:1076800042D9884202D14FF0200838E0904202D11E
:107690004FF0200833E0984202D14FF020082EE04E
:1076A000A04202D14FF0200829E0A84227D0B042E2
:1076B00025D0B84223D0604521D0DFF890834045E3
:1076C00002D14FF400181AE0DFF88483404502D15C
:1076D0004FF4001813E0DFF8748308F160084045A8
:1076E00002D14FF400180AE0DFF8648308F1600863
:1076F000404502D14FF4001801E04FF00068D44833
:107700003438C0F80080D3E0DFF840E30EF1780EA3
:10771000704542D9884202D14FF0200838E09042AB
:1077200002D14FF0200833E0984202D14FF02008F8
:107730002EE0A04202D14FF0200829E0A84227D035
:10774000B04225D0B84223D0604521D0DFF8FC827A
:10775000404502D14FF400181AE0DFF8F4824045AA
:1077600002D14FF4001813E0DFF8E08208F160085E
:10777000404502D14FF400180AE0DFF8D48208F146
:107780006008404502D14FF4001801E04FF0006856
:10779000AF483838C0F800808AE0DFF8B0E20EF178
:1077A000180E704542D9884202D14FF0200838E0C7
:1077B000904202D14FF0200833E0984202D14FF0BE
:1077C00020082EE0A04202D14FF0200829E0A84274
:1077D00027D0B04225D0B84223D0604521D0DFF871
:1077E0006C82404502D14FF400181AE0DFF8608245
:1077F000404502D14FF4001813E0DFF8508208F141
:107800006008404502D14FF400180AE0DFF84082DA
:1078100008F16008404502D14FF4001801E04FF034
:1078200000688A484038C0F80C8041E0884202D1A4
:107830004FF0200838E0904202D14FF0200833E0AA
:10784000984202D14FF020082EE0A04202D14FF022
:10785000200829E0A84227D0B04225D0B84223D042
:10786000604521D0DFF8E481404502D14FF4001893
:107870001AE0DFF8DC81404502D14FF4001813E034
:10788000DFF8C88108F16008404502D14FF40018C4
:107890000AE0DFF8BC8108F16008404502D14FF4EE
:1078A000001801E04FF0006868484038C0F80880D0
:1078B0000098DFF89C81006808F11808404542D91B
:1078C000884202D14FF0100938E0904202D14FF0C7
:1078D000100933E0984202D14FF010092EE0A04287
:1078E00002D14FF0100929E0A84227D0B04225D09C
:1078F000B84223D0604521D0DFF85091484502D1ED
:107900004FF480191AE0DFF84891484502D14FF44E
:10791000801913E0DFF8349109F16009484502D17C
:107920004FF480190AE0DFF8289109F16009484511
:1079300002D14FF4801901E04FF080694448343897
:10794000C0F80090D8E0DFF804E10EF1780E704541
:1079500042D9884202D14FF0100938E0904202D15A
:107960004FF0100933E0984202D14FF010092EE099
:10797000A04202D14FF0100929E0A84227D0B0421E
:1079800025D0B84223D0604521D0DFF8C0904845CB
:1079900002D14FF480191AE0DFF8B490484502D1C3
:1079A0004FF4801913E0DFF8A49009F1600948450D
:1079B00002D14FF480190AE0DFF8949009F16009D0
:1079C000484502D14FF4801901E04FF0806920480A
:1079D0003838C0F800908FE0DFF870E00EF1180E34
:1079E000704546D9884202D14FF010093DE09042DF
:1079F00002D14FF0100938E0984202D14FF010093F
:107A000033E0A04202D14FF010092EE0A8422CD062
:107A1000B0422AD0B84228D0604526D0DFF82C905A
:107A2000484502D14FF480191FE0DFF82490484503
:107A300002D14FF4801918E0DFF8109009F16009C5
:107A4000484509D14FF480190FE000004060024022
:107A500040640240280B0020DFF80494484502D11E
:107A60004FF4801901E04FF08069FE48C0F80C9097
:107A700042E0884202D14FF010093AE0904202D130
:107A80004FF0100935E0984202D14FF0100930E074
:107A9000A04202D14FF010092BE0A84229D0B042F9
:107AA00027D0B84225D0604523D0DFF8B89309F13C
:107AB0004009484502D14FF480191AE0DFF8A0933D
:107AC000A9F16009484502D14FF4801911E0DFF8AF
:107AD000949309F1A009484502D14FF4801908E0B8
:107AE000DFF87C93484502D14FF4801901E04FF054
:107AF0008069DC48C0F8089000980068404544D987
:107B0000884202D14FF0080A3AE0904202D14FF089
:107B1000080A35E0984202D14FF0080A30E0A0424E
:107B200002D14FF0080A2BE0A84229D0B04227D05A
:107B3000B84225D0604523D0DFF8289309F14009E9
:107B4000484502D14FF4002A1AE0DFF81493A9F156
:107B50006009484502D14FF4002A11E0DFF8049390
:107B600009F1A009484502D14FF4002A08E0DFF8E6
:107B7000F092484502D14FF4002A01E04FF0007A1C
:107B8000B7489438C0F800A0D7E0DFF8D89209F1E0
:107B9000B809484544D9884202D14FF0080A3AE072
:107BA000904202D14FF0080A35E0984202D14FF0DE
:107BB000080A30E0A04202D14FF0080A2BE0A842A8
:107BC00029D0B04227D0B84225D0604523D0DFF875
:107BD000949209F14009484502D14FF4002A1AE075
:107BE000DFF87C92A9F16009484502D14FF4002AE0
:107BF00011E0DFF8709209F1A009484502D14FF475
:107C0000002A08E0DFF85892484502D14FF4002AD4
:107C100001E04FF0007A92489838C0F800A08CE05C
:107C2000DFF8409209F15809484543D9884202D10A
:107C30004FF0080A3AE0904202D14FF0080A35E0CE
:107C4000984202D14FF0080A30E0A04202D14FF032
:107C5000080A2BE0A84229D0B04227D0B84225D04C
:107C6000604523D0DFF8FC9109F14009484502D175
:107C70004FF4002A1AE0DFF8E891A9F160094845BD
:107C800002D14FF4002A11E0DFF8D89109F1A009E0
:107C9000484502D14FF4002A08E0DFF8C491484576
:107CA00002D14FF4002A01E04FF0007A6D48C0F88D
:107CB0000CA042E0884202D14FF0080A3AE090421C
:107CC00002D14FF0080A35E0984202D14FF0080A7D
:107CD00030E0A04202D14FF0080A2BE0A84229D0A0
:107CE000B04227D0B84225D0604523D0DFF8749148
:107CF00009F14009484502D14FF4002A1AE0DFF8A3
:107D00006091A9F16009484502D14FF4002A11E0C1
:107D1000DFF8509109F1A009484502D14FF4002A3B
:107D200008E0DFF83C91484502D14FF4002A01E019
:107D30004FF0007A4B48C0F808A000980068404512
:107D400044D9884202D14FF0040B3AE0904202D16C
:107D50004FF0040B35E0984202D14FF0040B30E0B5
:107D6000A04202D14FF0040B2BE0A84202D14FF405
:107D7000807B26E0B04202D14FF4807B21E0B84204
:107D800002D14FF4807B1CE0604502D14FF4807B30
:107D900017E0DFF8D09009F14009484511D0DFF82D
:107DA000C090A9F1600948450BD0DFF8B89009F1FF
:107DB000A009484505D0DFF8A890484501D04FF00C
:107DC000807B27489438C0F800B0DDE0DFF894905D
:107DD00009F1B80948454AD9884202D14FF0040B4D
:107DE0003AE0904202D14FF0040B35E0984202D1C4
:107DF0004FF0040B30E0A04202D14FF0040B2BE017
:107E0000A84202D14FF4807B26E0B04202D14FF469
:107E1000807B21E0B84202D14FF4807B1CE06045BA
:107E200002D14FF4807B17E0DFF8389009F1400968
:107E3000484511D0DFF82890A9F1600948450BD0DA
:107E4000DFF8209009F1A009484505D0DFF810902F
:107E5000484501D04FF0807B0148983804E000008D
:107E6000A064024000600240C0F800B08CE0DFF87F
:107E70007093484544D9884202D14FF0040B3AE050
:107E8000904202D14FF0040B35E0984202D14FF0FE
:107E9000040B30E0A04202D14FF0040B2BE0A842CB
:107EA00002D14FF4807B26E0B04202D14FF4807BB8
:107EB00021E0B84202D14FF4807B1CE0604502D142
:107EC0004FF4807B17E0DFF81893A9F118094845B3
:107ED00011D0DFF8109348450DD0DFF8049309F175
:107EE0004809484507D0DFF8FC9209F16009484588
:107EF00001D04FF0807BBA485838C0F80CB043E04E
:107F0000884202D14FF0040B3AE0904202D14FF088
:107F1000040B35E0984202D14FF0040B30E0A04250
:107F200002D14FF0040B2BE0A84202D14FF4807B2A
:107F300026E0B04202D14FF4807B21E0B84202D16A
:107F40004FF4807B1CE0604502D14FF4807B17E04A
:107F5000DFF88C92A9F11809484511D0DFF8849216
:107F600048450DD0DFF8789209F14809484507D017
:107F7000DFF8709209F16009484501D04FF0807B2D
:107F800097485838C0F808B000980068404540D974
:107F9000884201D1012038E0904201D1012034E033
:107FA000984201D1012030E0A04201D101202CE013
:107FB000A84201D1402028E0B04201D1402024E075
:107FC000B84201D1402020E0604501D140201CE0B2
:107FD00083491839884202D14FF4803015E0814935
:107FE000884202D14FF480300FE07D494831884209
:107FF00002D14FF4803008E07A496031884202D1E2
:108000004FF4803001E04FF4800076493439086045
:10801000CBE0DFF8CC8108F16008404540D98842C8
:1080200001D1012038E0904201D1012034E0984292
:1080300001D1012030E0A04201D101202CE0A84272
:1080400001D1402028E0B04201D1402024E0B842D4
:1080500001D1402020E0604501D140201CE0604972
:108060001839884202D14FF4803015E05D498842CA
:1080700002D14FF480300FE059494831884202D193
:108080004FF4803008E057496031884202D14FF404
:10809000803001E04FF4800052493839086084E0B4
:1080A000DFF83C81404540D9884201D1012038E0C9
:1080B000904201D1012034E0984201D1012030E00A
:1080C000A04201D101202CE0A84201D1402028E0AB
:1080D000B04201D1402024E0B84201D1402020E04C
:1080E000604501D140201CE03D491839884202D149
:1080F0004FF4803015E03B49884202D14FF4803084
:108100000FE037494831884202D14FF4803008E00F
:1081100034496031884202D14FF4803001E04FF49D
:1081200080002F495839C8603FE0884201D10120C2
:1081300038E0904201D1012034E0984201D1012081
:1081400030E0A04201D101202CE0A84201D1402022
:1081500028E0B04201D1402024E0B84201D14020C3
:1081600020E0604501D140201CE01D4918398842BB
:1081700002D14FF4803015E01A49884202D14FF401
:1081800080300FE016494831884202D14FF48030E8
:1081900008E014496031884202D14FF4803001E098
:1081A0004FF480000E49583988600F4803990268DF
:1081B000D1600E49029A0B68DA600368049A5A602B
:1081C0000B68049A5A600068026842F0010202607B
:1081D0000868016841F00101016005B0BDE8F08F59
:1081E0005860024040640240800B0020E00B0020F9
:1081F0002DE9F04F3B4C23685D6845F002055D605A
:1082000023685D6845F001055D6023681C6844F0E3
:1082100040041C60344C23681D6825F001051D6076
:1082200003E01D6825F001051D6023681D68ED074A
:10823000F7D12E4F2E4D2D4E4C3FDFF8B490D4F891
:1082400000B0DFF8ACC0B83D4FF4001AA7F1040845
:10825000A9F16009B34502D9C7F800A00BE0634556
:1082600002D9C8F800A006E04B4502D9C5F80CA019
:1082700001E0C5F808A0DFF87CA0C3F808A02368D7
:10828000D96021684A6021680B6843F010030B60D5
:10829000194B19680C6824F001040C6003E00C68A9
:1082A00024F001040C6019680C68E407F7D1D3F8D6
:1082B00000B04FF00064B34501D93C6009E061456E
:1082C00002D9C8F8004004E0494501D9EC6000E05B
:1082D000AC60C1F808A01968C86018684260BDE8C1
:1082E000F08F0000280B0020800B00205864024013
:1082F000B86002400C300140E00B00200148FCF760
:108300006DB80000280B002010B5806B0021C187DC
:10831000C186FCF761F810BD7CB504460E461546D3
:108320003346012202212046009500F033F828B19F
:10833000606D40F02000606503207CBD1348144947
:108340000068B0FBF1F04FF47A7148430190606827
:10835000B0F5827F0DD13346002280212046009562
:1083600000F018F878B1606D40F0200060650320DF
:108370007CBD019838B10198401E0190206880684A
:10838000C0430006F5D500207CBD00002800002079
:1083900000366E012DE9F84304460F4691461E460D
:1083A000089DFAF7EDFE401B351AFAF7E9FE804604
:1083B00026480068C0F3CB30684300903AE0701C58
:1083C00038D0FAF7DDFEA0EB0800A84203D215B1C1
:1083D000009858B32BE02068416821F0E00141602B
:1083E0006068B0F5827F0BD1A068B0F5004F02D075
:1083F000B0F5806F04D12068016821F04001016070
:10840000A06AB0F5005F09D12068016821F400512D
:1084100001602068016841F400510160012050347E
:108420006070002020700320BDE8F88300250098CC
:10843000401E00902068806837EA000004D00020C9
:108440004845BCD10020EFE70120F9E728000020D3
:1084500009490028096807D0012809D0022802D15B
:1084600040F2DC50C863704740F27260C8637047E6
:1084700040F25230C8637047400C00200949002880
:10848000096807D0012809D0022802D14FF44870AA
:108490000864704740F21A40086470474FF4FA705D
:1084A00008647047400C002006490028096805D080
:1084B000012802D140F698004863704740F21450FA
:1084C00048637047880C002006490028096805D0D9
:1084D000012802D14FF448708863704740F214506D
:1084E00088637047880C002000B500F051F80449FB
:1084F000BCEEC00A096810EE100A486300BD000017
:10850000400C00200E490528096807D2DFE800F07A
:1085100003070B0F13004FF41660886370474FF486
:10852000FA608863704740F62E108863704740F603
:1085300098008863704740F6020088637047000027
:10854000400C002010B51048FCF782FA0F48FCF7E9
:108550007FFA00210C48FCF719FD04210A48FCF7BA
:1085600015FD08210848FCF711FD0C210648FCF711
:108570000DFD00210548FCF709FDBDE81040042170
:108580000248FCF703BD0000400C0020880C0020CE
:1085900000EE100A9FED0E1ADFED0F1AB8EEC00ABA
:1085A000C0EE010A9FED0B1AB0EE610A00EE810ADF
:1085B0000A4910EE100A884201DAB0EE610A10EEA4
:1085C000100A0749884201DD9FED060A7047000046
:1085D000000034430000FA440000FA430000FA436C
:1085E00000401C4500401C4510B5502080F3118808
:1085F000BFF34F8FBFF36F8F07F000FF18B104492F
:108600004FF080500860002080F3118810BD0000FA
:1086100004ED00E030B593B0302107A8F7F79BFEDA
:10862000142102A8F7F797FE00251D48016841F0C4
:1086300080510160006800F0805001901948016885
:1086400041F480410160006800F480400190012005
:1086500007900004089002240D9480010E900620DB
:108660000F90A820109011940420129007A8FBF7F7
:10867000D3FC08B1F9F7AAFC0F20029003940495EB
:108680004FF4A05005904FF480500690052102A8A9
:10869000FBF7A2FB002801D0F9F798FC13B030BD1E
:1086A00040380240007000400248016841F4700107
:1086B0000160704788ED00E00148FCF7C4BA000093
:1086C000500E00202DE9F04102682A4D2A4E2B4F12
:1086D000DFF8ACC02B4B4FF08048A84209D0404592
:1086E00007D0B04205D0B84203D0604501D09842CF
:1086F00003D122F070044A682243A8421BD04045AF
:1087000019D0B04217D0B84215D0604513D0984266
:1087100011D01D4CA0420ED01C4CA0420BD01C4CC2
:10872000A04208D01B4CA04205D01B4CA04202D056
:108730001A4CA04203D122F44074CA6822434C6907
:1087400022F08002224302608A68C2620A68826262
:10875000A84201D0984201D1096901630121416118
:108760000169C90703D0016921F001010161BDE878
:10877000F0810000000001400004004000080040BB
:10878000000C004000040140004001400044014052
:108790000048014000180040001C0040002000403C
:1087A00010B501F01F0101238B40046A9C43046251
:1087B000036A8A401343036210BD10B5846824F431
:1087C0007F4442EA03220A432243826010BD82684A
:1087D00022F070020A4342F00701816070470000F6
:1087E000F0B5056A026A22F00102026243688269FA
:1087F00022F0700222F003020C68144325F00205F7
:108800008A682A430E4E0F4FB04201D0B84205D1BC
:1088100022F00805CA682A4322F00402B04201D0BF
:10882000B84207D123F4807323F400734D691D43CC
:108830008B692B4343608461496841630262F0BDE8
:108840000000014000040140F0B5026A036A23F011
:10885000100303624368846924F4E04424F4407400
:108860000D6844EA052422F020028D6842EA0512D0
:10887000104D114EA84201D0B04206D122F0800224
:10888000CF6842EA071222F04002A84201D0B0426B
:1088900009D123F4806323F400634D6943EA85031F
:1088A0008D6943EA8503436084614968816302629C
:1088B000F0BD00000000014000040140F0B5026A74
:1088C000036A23F4807303624368C46924F070046C
:1088D00024F003050C682C4322F400728D6842EAF0
:1088E0000522104D104EA84201D0B04206D122F40C
:1088F0000062CF6842EA072222F48062A84201D0D7
:10890000B04209D123F4805323F400534D6943EA64
:1089100005138D6943EA05134360C4614968C16367
:108920000262F0BD000001400004014030B5036A5E
:10893000026A22F4805202624268C46924F4E0446C
:1089400024F440740D6844EA052423F400538D6830
:1089500043EA0533084DA84202D0084DA84204D18D
:1089600022F480424D6942EA85124260C46149683E
:108970000164036230BD00000000014000040140BA
:1089800010B5036A046A24F001040462846924F0C7
:10899000F00444EA021423F00A020A4384610262EA
:1089A00010BD10B5036A046A24F0100404628469DF
:1089B00024F4704444EA023223F0A00343EA011194
:1089C0008261016210BD10B5806B0021C185C18438
:1089D000FCF756FB10BD01680C3151E8002F22F462
:1089E000907241E80023002BF5D10168143151E861
:1089F000002F22F0010241E80023002BF5D1016B8A
:108A0000012909D101680C3151E8002F22F0100230
:108A100041E80023002BF5D1202180F842100021ED
:108A20000163704710B50168CA6822F04002CA604D
:108A3000202180F84110FCF7DAFD002010BD08B5B8
:108A400090F84210222901D0022008BD82684FF41C
:108A500080539A4201D1016921B1816A9A421DD0A5
:108A600052B10BE0816A02685268C2F308020A80C0
:108A7000816A891C816209E002697AB102685268E0
:108A800002F07F020A70816A491C8162C18D491E11
:108A90000904090CC18505D0002008BD0268526890
:108AA0000A70F0E70168CA6822F02002CA60016813
:108AB000CA6822F48072CA6001684A6922F0010221
:108AC0004A61202180F8421000214163026B012A93
:108AD00003D0FCF7FDFC002008BD016301680C31E8
:108AE00051E8002F22F0100241E80023002BF5D1BD
:108AF00001680A68D20602D50A6849680091818D2A
:108B0000FCF7BDFAE7E700002DE9F04104462068D4
:108B10000169E26821F4405111430161A1682069B3
:108B2000E26901436069104301432068C26849F269
:108B30000C639A430A43C26020684169A26921F428
:108B400040711143416133492068884202D0324963
:108B5000884202D1FBF71AFA01E0FBF707FAE16954
:108B60000023192764253226B1F5004F28D061680B
:108B70008B0F8A00A0FB0701F7F782FB0146B0FBD1
:108B8000F5F07A42504301EB800006EB0010B0FB99
:108B9000F5F000F0F002B1FBF5F002EB0012B1FBD2
:108BA000F5F07B42584301EB800006EB0010B0FB70
:108BB000F5F0216800F00F0010448860BDE8F081F6
:108BC00061684A18A0FB07015B41F7F759FB0146B2
:108BD000B0FBF5F00201B1FBF5F06FF0180358435C
:108BE00001EB800006EBC000B0FBF5F000F0F800F0
:108BF00002EB4002B1FBF5F0584301EB800006EBBD
:108C0000C000B0FBF5F0216800F007001044886058
:108C1000D4E7000000100140001401408162828509
:108C2000C28500214164222180F842100169002997
:108C300004D00168CA6842F48072CA6001684A6957
:108C400042F001024A610068C16841F02001C16040
:108C50000020704790F84110212901D00220704770
:108C60008168B1F5805F01D1016961B1016A4A1C77
:108C70000262026809785160C18C491E0904090C1E
:108C8000C1840AD013E0016A02680988C1F30801AF
:108C90005160016A891C0162EEE70168CA6822F02E
:108CA0008002CA600068C16841F04001C1600020D4
:108CB00070472DE9F84304460D4617469846089E2E
:108CC00025E0701C23D0FAF75BFAA0EB0800B04255
:108CD0001BD8D6B12068C168490718D5802D16D099
:108CE000402D14D00168C943090710D4002521681C
:108CF0000968406800902046FFF76DFE0820606418
:108D000084F840500120BDE8F8830320FBE7206889
:108D1000006835EA000004D00020B842D1D000201D
:108D2000F1E70120F9E700000148FCF7ABB90000CA
:108D3000180D002010B500F007F8BDE810400148FC
:108D4000FCF7A0B9600D002018B42948006801683C
:108D5000890604D501684068009018BC7047254911
:108D60000968C906F9D5016840680090224A106870
:108D70000168224B09034FF024041CD4016821F040
:108D80000101016011684868C0F1240080B21880B8
:108D90004C6011680B6843F400230B6011680A688B
:108DA00042F001020A601228D7D1154918BC01F11E
:108DB000160006F0F5BA016821F0010101601168A2
:108DC0004868C0F1240080B218804C600D498B6A5D
:108DD00023F400238B6211680A6842F001020A60E2
:108DE0001228BAD1064918BC01F13A0006F0D8BAE7
:108DF000600D002000480040F00D0020B00200206F
:108E0000B0540020006002400148FCF73BB900006C
:108E1000A80D0020FEE703B401984100009850EA35
:108E2000C12018BF04204A0D18BF40F0010040F2D5
:108E3000FF72B2EB515F08BF40F00200012808BF8B
:108E4000052002B070474100080218BF04200A0E36
:108E500018BF40F001004FF07F4232EA010108BF25
:108E600040F00200012808BF052070470907090EDD
:108E7000002804DB00F1E02080F80014704700F0C7
:108E80000F0000F1E02080F8141D70470000000082
:108E900010B5B94A2DED020B2DED0C8B82B00F9958
:108EA00021F000409FEDB6CB90422CDBA0F1405367
:108EB0000E9AA3F17F631A430FD0B349884202DCB4
:108EC00016D10E98A0B19DED0E0B02B0BDEC0C8B2F
:108ED00002B0BDE8104001F0CFBF0029C1BF9FED37
:108EE000AC0B02B0BDEC0C8B02B0C8BF10BD16E0DD
:108EF000012002F02BF802B0BDEC0C8B02B0BDE8F3
:108F0000104001F0CDBFA44A9FEDA59B9FEDA6ABFD
:108F100090425EDAA6499FEDA8CB814208DBB0EE15
:108F20004C0AF0EE6C0A02B0BDEC0C8B02B010BD26
:108F30009DED0E0B53EC102B51EC100BF7F7C4FA10
:108F400041EC180B9E480621B0EE480AF0EE680A84
:108F5000784401F065FE53EC182B51EC100BF7F739
:108F6000B3FA41EC1B0B9748B0EE480AF0EE680AE2
:108F70000421784401F054FE53EC182B51EC100BF3
:108F8000F7F7A2FA53EC192BF7F7F7F941EC100BAE
:108F900051EC1B0B53EC102BF7F708FB41EC100BBB
:108FA00053EC102B9DED0E0B51EC100BF7F78CFAD8
:108FB00053EC1A2BF7F785FA9DED0E1B53EC112B92
:108FC000F7F77FFA53EC1C2BF7F77BFA41EC100B09
:108FD000A9E79FED7D8B9FED7EBB9DED0E0B0029DC
:108FE00053EC192B51EC100B52DAF7F7C6F953EC8E
:108FF000182BF7F769FA41EC180B77480621B0EE09
:10900000480AF0EE680A784401F00AFE53EC182B87
:1090100051EC100BF7F758FA41EC1D0B6F48B0EE0E
:10902000480AF0EE680A0421784401F0F9FD53EC97
:10903000182B51EC100BF7F747FA53EC192BF7F7F5
:109040009CF941EC190B51EC180B06F019FA41ECA4
:10905000180B53EC192B51EC1D0BF7F7A7FA53EC37
:10906000182BF7F731FA53EC1A2BF7F727FA41ECE4
:10907000100B51EC180B53EC102BF7F77EF953EC57
:109080001B2BF7F721FA53EC1C2BF7F71AFA6DE0BC
:10909000F7F717FA53EC182BF7F716FA41EC180B01
:1090A00006F0EEF941EC1A0B00208DED00AB0090BC
:1090B0009DED000B51EC1A0B53EC102BF7F75DF9FB
:1090C0009DED000B41EC1C0B53EC102B51EC100BE5
:1090D000F7F7FAF953EC182BF7F7F3F953EC1C2BCD
:1090E000F7F764FA41EC1C0B3D48B0EE480AF0EE8D
:1090F000680A0621784401F093FD53EC182B51ECDB
:10910000100BF7F7E1F941EC1D0B3648B0EE480AB9
:10911000F0EE680A0421784401F082FD53EC182B2C
:1091200051EC100BF7F7D0F953EC192BF7F725F9A1
:1091300041EC100B51EC1D0B53EC102BF7F736FAEA
:1091400053EC1A2BF7F7C0F953EC1C2BF7F715F972
:1091500041EC100B53EC102B9DED000B51EC100B60
:10916000F7F70BF953EC1B2BF7F7AEF941EC100BAB
:10917000D9E60000000000000000F03F0000000001
:10918000182D4454FB2109400000F07F000000002E
:1091900000000000000000000000E03F00000000B0
:1091A000000000000000F03F075C143326A6913C4D
:1091B0000000603C00000000182D4454FB21F93FE2
:1091C0009C810000AA810000000000000000E03F38
:1091D0000000000000000040E6800000F480000075
:1091E000F87F00000680000010B54FF00E402DED16
:1091F000028BB0EE408A18EE104A00EB4400B0F14A
:10920000506F4AD84FF0FC40B0EB440F22D2B0EE82
:10921000C80AF7EE000A30EEC00AF6EE000A60EE69
:10922000208A18EE900A06F062F901EE100A14F096
:10923000004F1DBFDFED2D0A9FED2D0AB1EE411A43
:10924000DFED2C0A08BF9FED2C0AF8EE001A21EE84
:10925000218A05E0DFED290A68EE088AB0EE600A8F
:109260009FED271ADFED271A30EE080A48EE811A23
:109270009FED251A08EEA11ADFED241A48EE811A97
:109280009FED231A08EEA11A68EE281ABDEC028B96
:1092900001EE810A30EE200A10BD4FF0E440B0EB41
:1092A000440F0CD918EE100AFFF7CDFD042808BFB3
:1092B00001F034FEB0EE480ABDEC028B10BD4FF059
:1092C0007F40B0EB440F07D2B0EE480ABDEC028BF2
:1092D000BDE8104001F014BE012001F037FEBDECE6
:1092E000028BBDE8104001F011BE00000000C9BFB4
:1092F00022AAFDB90000C93F22AAFD3900000000E2
:1093000024FE1C3DC78AD83C1E67383D1B93993DFF
:10931000AFAA2A3E0000000070B59B482DED020B5D
:109320002DED068B079D25F00044A04218DC9748E0
:10933000844202DC0AD1069840B19DED060BBDECDB
:10934000068B02B0BDE8704001F096BD002DCCBF89
:109350009FED8F0B9FED900BBDEC068B02B070BDA7
:109360008F48A04215DD8F48A042D8BF4FF0FF3490
:1093700058DD9DED060B51EC100BFFF74CFD04285A
:1093800008BF01F0ADFD9DED060BBDEC068B02B0F4
:1093900070BD9DED060B51EC100B03F0E5FFCDE920
:1093A000060181489FED828BA0423CDD8248A042AD
:1093B0001FDD00249FED82AB9DED060B53EC1A2BB5
:1093C00051EC100BF6F7D9FF9DED060B41EC190B94
:1093D00053EC1A2B51EC100BF7F776F853EC182BD3
:1093E000F7F76CF853EC192BF7F7E0F8CDE9060125
:1093F00049E09DED060B012453EC182B51EC100BAA
:10940000F6F7BBFF9DED060B41EC190B53EC182B47
:1094100051EC100BF7F752F853EC192BF7F7C6F88D
:10942000CDE906012FE06848A0421FDD02249FED30
:10943000689B9DED060B53EC192B51EC100BF7F7C5
:1094400043F853EC182BF6F798FF9DED060B41EC13
:10945000180B53EC192B51EC100BF7F72FF853ECBA
:10946000182BF7F7A3F8CDE906010CE09DED060BEC
:10947000032453EC102B9FED580B51EC100BF7F716
:1094800095F8CDE906019DED060B53EC102B51EC40
:10949000100BF7F719F841EC180B53EC182BF7F7F2
:1094A00013F841EC190B4E480621B0EE490AF0EED4
:1094B000690A784401F0B4FB53EC182B51EC100B03
:1094C000F7F702F841EC180B4648B0EE490AF0EE07
:1094D000690A0521784401F0A3FB53EC192B51ECE8
:1094E000100BF6F7F1FF41EC100B51EC180B53EC9D
:1094F000102B002C0EDAF6F740FF9DED061B53EC07
:10950000112BF6F7E1FF9DED061B53EC112BF6F73F
:10951000D8FF35E0F6F731FF9DED061B53EC112B1C
:10952000F6F7D2FF41EC100B2F48784400EBC40053
:1095300090ED001B51EC100B53EC112BF6F7BEFF16
:109540009DED061B53EC112BF6F7B8FF41EC100B09
:109550002648784400EBC40090ED001B51EC100B42
:1095600053EC112BF6F7ADFF41EC100B002DA2BF11
:10957000BDEC068B02B070BD51EC100B81F00041C8
:1095800041EC100B01E70000000010440000F07FE8
:10959000182D4454FB21F93F182D4454FB21F9BFE9
:1095A0000000DC3F0000203E0000F33F0000000010
:1095B000000000000000F03F0000E63F0000000057
:1095C0000000000000000040008003400000000098
:1095D000000000000000F83F000000000000F0BFA5
:1095E000F27C0000A87C0000327C0000EA7B0000D6
:1095F00010EE100A10B510EE901A4FF0684202EB10
:1096000040032DED028BB3F1654F3CBF02EB4102ED
:10961000B2F1654F7CD200BFC0F3C753C1F3C7524C
:109620009A1A1B2A09DD10F0004F14BF9FED6E0A35
:109630009FED6E0ABDEC028B10BD12F11A0F1BDA02
:1096400011F0004F09D010F0004F0CBF9FED680AD9
:109650009FED680ABDEC028B10BD80EE208A18EEEB
:10966000100AFFF7F0FB042808BF01F057FCB0EE2A
:10967000480ABDEC028B10BD4200B2EB410F37D956
:1096800010F0004F19BFDFED5C1A9FED5C1ADFEDA3
:109690005C1A9FED5C1AB0EE602A0A46F1EE400AB1
:1096A00080F00041B0EE420A10460A1A5200B2F1B0
:1096B000807F34D2484010F0004FDFED532A9FEDF9
:1096C000533A1DBFBEEE002A71EEE21A31EE431A84
:1096D000B6EE002A04BF71EEA21A31EE031AF0EEC4
:1096E000402A42EE602A40EE020A82EEA02A18E0EA
:1096F00011F0004F04BF9FED461AF0EE411AD4D08E
:1097000010F0004F1CBFDFED431A9FED431A00E03D
:1097100026E004BFDFED411A9FED411AC5E780EE58
:10972000202A22EE020ADFED3F0ADFED3F2ABDECE0
:10973000028B40EE202ADFED3D0A40EE220ADFEDEB
:109740003C2A40EE202ADFED3B0A40EE220A22EEC0
:10975000000A00EE201A31EE020A30EE210A10BD96
:109760004FF07F42B2EB400F28BFB2EB410F05D262
:10977000BDEC028BBDE8104001F0C5BB40EA01031F
:109780005B0008BF41F0FF410BD0B2EB400F08BFB8
:10979000B2EB410F08D120F0804000EE100A21F01A
:1097A000804100EE901A37E7B2EB400F12BF5FEA3C
:1097B000410240F0FF4001F000413FF42DAF4A006C
:1097C00092EA40033FF528AF002AACBF9FED1A1A7A
:1097D0009FED1A1A20EE010A60EE810A10EE100ABF
:1097E00010EE901A18E70000DB0FC9BFDB0FC93F6E
:1097F000DB0F4940DB0F49C00000C9BF22AAFDB9F9
:109800000000C93F22AAFD390060ED3EC30ACE37F1
:1098100000000000000049C022AA7DBA00004940B3
:1098200022AA7D3A2DAD65BD8FB8D53D0FB511BECD
:1098300061C84C3EA8AAAABE0000804F0000802F3D
:1098400010B52F499FED2C1B2DED020B84B0059810
:1098500020F000408842D8BF9DED040B2DDD294942
:10986000884209D1049840B94FF0010001F06EFB25
:1098700001F016FB06B010BD05DB9DED040B01F0F9
:10988000FBFA06B010BD68469DED040B00F0F4FE37
:1098900010F0030004BF9DED021B9DED000B0CD0EA
:1098A00001280ED09DED021B9DED000B022817D064
:1098B000012001F031FA06B010BD01F0F9F806B050
:1098C00010BD9DED021B9DED000B012001F024FA5F
:1098D00051EC100B81F0004106B041EC100B10BDB3
:1098E00001F0E6F851EC100B81F0004106B041ECBC
:1098F000100B10BD00000000000000000000000080
:10990000FB21E93F0000F07F2DED020B019820F0D4
:10991000004001909DED000B02B070470000000078
:109920002DE9F04D2DED040B2DED0E8B96B0DDE9FC
:109930002550279CDDF890A025F0004624F0004833
:10994000BAF1000F14BF0121002101EB4502FC49CF
:1099500053184A1093422AD3002814BF012300232E
:1099600003EB44030B44F7498B4220D358EA000130
:109970009FEDF59B76D0DFF8D8B35D4503D1BAF102
:10998000000F05D188E0BAF1000F08BF002100D018
:10999000012101EB450111F5001F08D8002814BF73
:1099A0000121002101EB440111F5001F0BD99DEDB0
:1099B000261B9DED240B16B0BDEC0E8B04B0BDE84C
:1099C000F04D01F063BA0027002DBCBFE149884586
:1099D00021DAE1498845A8BF02271CDAC3451ADC11
:1099E000DE4901EB2851142908DDC1F1340220FAC7
:1099F00002F101FA02F282420DD108E058B9C1F138
:109A0000140228FA02F101FA02F2424503D101F0F0
:109A10000101C1F1020756EA0A0124D1002C22DA21
:109A2000002D18BF022F01D0012F0AD0022001F013
:109A30008DFA16B0BDEC0E8B04B0BDE8F04D01F010
:109A400003BA022001F082FA01F0FEF951EC100B8A
:109A500081F0004141EC100B16B0BDEC0E8B04B050
:109A6000BDE8F08D18E09FEDBEAB9FEDBF8B0028E9
:109A700071D1B848804522D105F1804010F58010A1
:109A800008BFBAF1000F07D0B3450ADC002CA8BF0D
:109A90009DED260BE0DA0DE0B0EE490AF0EE690A22
:109AA000DAE7002C06DA9DED260B51EC100B81F065
:109AB00000416FE0AE48784490ED000BCCE7D8450C
:109AC0004DD1002C48DA2EB186423AD1BAF1000FBE
:109AD00042D126E0BAF1000F13D0022001F036FA8D
:109AE00001F0EEF98DED020B9DED240B8DED000BD9
:109AF00010EE900A039961F31E0003909DED020B96
:109B0000AAE78DED02AB9DED240B1AEE901A10EE34
:109B1000900A8DED000B61F31E0003909DED020B8A
:109B20009AE78DED028B9DED240B18EE901A10EE46
:109B3000900A8DED000B61F31E0003909DED020B6A
:109B40008AE709DA9DED240B51EC190B53EC102B2D
:109B5000F6F72CFD1EE020E09DED240B7CE786420D
:109B60001BDAB4F1804F0DD0A4F10050B0F1FF50DA
:109B700013D1002D11DB9DED240B51EC100B05F0E2
:109B80007FFC07E09DED240B53EC102B51EC100BE8
:109B900000F0C2BC41EC100B5EE79DED240B51ECD4
:109BA000100B03F0E1FBBAF1000FCDE90E0142D139
:109BB0009FED710B46B3A6F1E040B0F17F600CD091
:109BC0005E4538D1002D00DAA7B3022F0CBF01206B
:109BD0004FF0FF30F6F759FDDCE7002D01DD002CDA
:109BE0000DDA002D01DD002C1FDB002D16DA002C14
:109BF00014DB012F08BF9FED620B3FF42DAFB0EED9
:109C00004A0AF0EE6A0A27E7022F18BF002D0CD08F
:109C1000012F0AD1002DFFF61FAF06E0002DB8BFBF
:109C2000002C08DA012F3FF417AFB0EE480AF0EE2F
:109C3000680A11E71BE0012000EBE57050EA07011C
:109C400015D0791EB0EE498AF0EE698A084308BF44
:109C50009FED4D8B4E480025804570DD4D494E48A7
:109C6000884514DDB0420DDB002C19DB2FE001200C
:109C700001F06CF916B0BDEC0E8B04B0BDE8F04DF0
:109C800001F00EB9B34502DC002C09DC1FE086426E
:109C900002DA002C1BDA03E05E452BDD002C16DD1A
:109CA000022001F053F901F00BF98DED020B53EC9A
:109CB0001A2B51EC180BF6F707FCCDE900010399BC
:109CC000019861F31E0003909DED020BC4E6022093
:109CD00001F03CF901F004F910EE901A18EE900A28
:109CE0008DED020B8DED008B61F31E0003909DED59
:109CF000020BB1E69DED0E0B53EC192B51EC100B42
:109D0000F6F7DCFB9FED260BCDE9080153EC102B99
:109D10009DED080B51EC100BF6F7D6FB9FED221BC7
:109D200053EC112BF6F7CDFB9DED081B53EC112BDB
:109D3000F6F7CAFB9FED1E1B53EC112B3CE08CE0A9
:109D4000FFFF1F00FFFF0F00000000000000F03FBA
:109D50000000F03F0000F07F0000404301FCFFFFE7
:109D6000000000000000F07F000000000000000084
:109D7000D677000000000000000000000000008016
:109D8000000000000000F0FF000000000000F0BF35
:109D90000000E0410000F043FFFFEF3F0000000043
:109DA000000000000000D03F555555555555D53F92
:109DB000000000000000E03FF6F783FB9DED080B7C
:109DC00041EC1A0B53EC102B51EC100BF6F77CFB0B
:109DD00053EC1A2BF6F778FB41EC1A0B9FEDFE0BB8
:109DE00053EC102B9DED080B51EC100BF6F76CFBB0
:109DF00041EC1B0B9FEDFA0B51EC1A0B53EC102BA3
:109E0000F6F762FB41EC1A0B9FEDF70B53EC102BAE
:109E10009DED080B51EC100BF6F756FB53EC1A2B8B
:109E2000F6F74CFB41EC1A0B51EC1B0B53EC1A2BC5
:109E3000F6F7A3FA0690CDE906519DED060B53EC1B
:109E40001B2B51EC100BF6F739FB53EC1A2BF6F7E2
:109E500038FB41EC100B00F0A1B90020B6F5801FD3
:109E60000EDA9FEDE30B53EC102B9DED0E0B51EC36
:109E7000100BF6F729FBCDE90E016FF034000E460A
:109E800000EB2650A0F2FF37C6F31300DA4940F08A
:109E90007F6646F040568842D8BF002408DDD74987
:109EA0008142C8BF012403DC0024A6F580167F1C74
:109EB000D348784400EBC4000F9690ED00CB9DEDA5
:109EC0000E0B53EC1C2B51EC100BF6F7F7FA9DED33
:109ED0000E0B41EC1B0B53EC1C2B51EC100BF6F74B
:109EE0004CFA41EC100B51EC190B53EC102BF6F71C
:109EF0005DFB41EC1D0B51EC1B0B53EC1D2BF6F7DE
:109F0000E3FA41EC1A0BBF488DED10AB7844109585
:109F100090ED000B4FF0005040EA660000EB8440EB
:109F20008DED080B00F5002009909DED080B53EC1A
:109F30001C2B51EC100BF6F7C1FA9DED0E1B53ECE8
:109F4000112BF6F7BEFA41EC100B53EC102B9DEDE4
:109F5000100B51EC100BF6F7B7FA9DED080B41EC26
:109F60001C0B53EC102B9DED100B51EC100BF6F766
:109F7000ABFA53EC1B2BF6F7A4FA53EC1C2BF6F7B9
:109F80009DFA53EC1D2BF6F79FFA41EC1C0B53EC9A
:109F90001A2B51EC1A0BF6F797FA41EC1B0B9A4867
:109FA0000621B0EE4B0AF0EE6B0A784400F038FE62
:109FB000B0EE401AF0EE601AB0EE41DAF0EE61DA7F
:109FC00053EC1B2B51EC1B0BF6F77EFA53EC1D2BBD
:109FD000F6F77AFA9DED100B41EC1B0B53EC1A2BA4
:109FE00051EC100BF6F7C9F953EC1C2BF6F76CFA91
:109FF00053EC1B2BF6F7C1F99DED100B41EC1B0B3D
:10A0000053EC102B51EC100BF6F75EFA41EC1D0BE4
:10A010009FED7FEB53EC1E2BF6F7AFF953EC1B2BA8
:10A02000F6F7ABF90890CDE908519DED080B53EC1C
:10A030001E2B51EC100BF6F741FA53EC1D2BF6F7E3
:10A040003DFA53EC1B2BF6F73CFA9DED080B41EC67
:10A050001D0B53EC102B9DED100B51EC100BF6F774
:10A0600033FA41EC1B0B53EC1A2B51EC1D0BF6F79A
:10A070002BFA9DED080B41EC1A0B53EC102B51EC15
:10A080001C0BF6F721FA53EC1A2BF6F776F941EC94
:10A090001A0B51EC1B0B53EC1A2BF6F76EF90C90C4
:10A0A000CDE90C519DED0C0B53EC1B2B51EC100B1F
:10A0B000F6F704FA53EC1A2BF6F703FA41EC1B0BF4
:10A0C0009FED550B53EC102B9DED0C0B51EC100B31
:10A0D000F6F7FAF941EC1A0B9FED510B51EC1B0B03
:10A0E00053EC102BF6F7F0F941EC1B0B9FED4E0BE8
:10A0F00053EC102B9DED0C0B51EC100BF6F7E4F923
:10A1000053EC1B2BF6F739F941EC100B4848784417
:10A1100000EBC40090ED001B51EC100B53EC112B25
:10A12000F6F72BF941EC1B0B3846F6F7AEFACDE902
:10A13000080153EC1B2B51EC1A0BF6F71EF941ECFE
:10A14000100B3C48784400EBC40090ED00CB51EC80
:10A15000100B53EC1C2BF6F710F99DED081B53EC7C
:10A16000112BF6F70AF90690CDE906519DED080B83
:10A1700053EC102B9DED060B51EC100BF6F79EF9EE
:10A1800053EC1C2BF6F79AF953EC1A2BF6F796F9C9
:10A1900053EC1B2BF6F795F941EC100B9DED261BAC
:10A1A00053EC102B8DED001B00959DED260B51EC13
:10A1B000100BF6F789F99DED000B41EC1A0B53ECEF
:10A1C000102B9DED260B51EC100BF6F777F99DED5A
:10A1D000061B53EC112B2FE0000000604715F73FE2
:10A1E000FE822B654715F73F44DF5DF80BAE543E0A
:10A1F00000000000000040438E9803007AB60B0078
:10A2000022730000807300005A72000000000000FA
:10A210000000000000000840000000E009C7EE3F19
:10A22000FD033ADC09C7EE3FF5015B14E02F3EBEAB
:10A23000E6700000A0700000F6F746F953EC1A2B08
:10A24000F6F79BF89DED060B41EC1A0B53EC102B27
:10A250009DED000B51EC100BF6F736F9CDE90C0132
:10A260009DED0C0B51EC1A0B53EC102BF6F785F807
:10A27000CDE902010C46AA498C422FDB611A084342
:10A2800018D19DED0C0B53EC102B9DED020B51ECF6
:10A29000100BF6F713F941EC1B0B9FEDA30B51ECE0
:10A2A0001A0B53EC102BF6F768F853EC1B2BF6F750
:10A2B00055FA2DD2022000F049FE00F001FE10EE0A
:10A2C000901A18EE900A8DED020B8DED008B61F364
:10A2D0001E0003909DED020BFFF7BEBB944A24F0D5
:10A2E0000041914214D39349214408437FF4EFACD9
:10A2F0009DED0C0B53EC102B9DED020B51EC100B54
:10A30000F6F7DCF853EC1A2BF6F728FA7FF6DFACF9
:10A3100024F000408849894A002601EB20518242FE
:10A320002BDA481C4FF4801121FA00F02044844AB3
:10A33000C0F30A517A44A1F2FF3192ED000B814A39
:10A340008DED080BCA4020EA0202C0F3130040F46E
:10A350008010C1F1140120FA01F60992002CB8BF57
:10A3600076429DED080B53EC102B9DED0C0B51EC40
:10A37000100BF6F7A3F8CDE90C019DED0C0B51EC99
:10A380001A0B53EC102BF5F7F8FF9FED6F0B0890AD
:10A39000CDE9085153EC102B9DED080B51EC100B3F
:10A3A000F6F792F841EC1B0B9FED690B53EC102B69
:10A3B0009DED080B51EC100BF6F786F89DED0C0B9C
:10A3C00041EC1C0B53EC102B9DED080B51EC100BCA
:10A3D000F6F774F853EC1A2BF6F773F89FED5E1B43
:10A3E00053EC112BF6F770F853EC1C2BF5F7C5FF67
:10A3F00041EC1A0B51EC1B0B53EC1A2BF5F7BDFF7C
:10A40000CDE902019DED020B53EC1B2B51EC100B1F
:10A41000F6F754F853EC1A2BF6F753F89DED020BB0
:10A4200041EC1A0B53EC102B51EC100BF6F74CF8D7
:10A43000CDE908014A489DED080B0521784400F05C
:10A44000EFFB9DED081B51EC100B53EC112BF6F7B5
:10A450003BF89DED021B53EC112BF6F732F8CDE9DA
:10A4600006019DED020B53EC1A2B51EC100BF6F785
:10A470002BF853EC1A2BF5F780FF9FED3B0B41ECCB
:10A480001A0B53EC102B9DED060B51EC100BF6F74D
:10A4900015F89DED060B41EC1B0B53EC102B9DEDBD
:10A4A000020B51EC100BF6F70FF853EC1B2BF6F7E1
:10A4B0007DF853EC1A2BF6F701F89DED021B53ECD7
:10A4C000112BF5F7FBFF53EC192BF5F7FAFFCDE94C
:10A4D000020101EB065001150029C8BF039015DCED
:10A4E0009DED020B324651EC100BF6F70FFAFEF71A
:10A4F00092FC042808BF00F0F3FC32469DED020BED
:10A5000051EC100BF6F702FACDE902019DED020BBA
:10A5100051EC180B53EC102BF5F7D6FFFFF73ABBB5
:10A520000000904000000000FE822B654715973C1C
:10A5300000CC904000346F3F01FCFFFF0000E03F83
:10A54000586F0000FFFF0F0000000000432EE63FA1
:10A55000396CA80C615C20BEEF39FAFE422EE63F52
:10A56000F86D000000000000000000000000004046
:10A5700010B52F499FED2C1B2DED020B84B00598D3
:10A5800020F000408842DCBF00209DED040B32DD4E
:10A590002849884209D1049840B94FF0010000F0E1
:10A5A000D5FC00F07DFC06B010BD05DB9DED040B75
:10A5B00000F062FC06B010BD68469DED040B00F093
:10A5C0005BF810F0030011D0012818D09DED021B9C
:10A5D0009DED000B02281AD000F06AFA51EC100B26
:10A5E00081F0004106B041EC100B10BD9DED021B47
:10A5F0009DED000B012000F08FFB06B010BD9DED1E
:10A60000021B9DED000B00F053FA06B010BD0120B7
:10A6100000F082FB51EC100B81F0004106B041ECE0
:10A62000100B10BD00000000000000000000000042
:10A63000FB21E93F0000F07F10B52DED028BB1EE5C
:10A64000C08A18EE100A20F00040C0F1FF40C00F91
:10A650000AD010EE100A20F00040C0F1FF40C00FF9
:10A6600004BF012000F072FCB0EE480ABDEC028B82
:10A6700010BD0000000000002DE9F14F04462DED53
:10A68000020B2DED088B8AB09FEDE70B80ED020BDE
:10A69000139EE74826F0004585420ADC9DED120B2B
:10A6A000002084ED000B0AB0BDEC088B03B0BDE8C0
:10A6B000F08FE0489FEDE0AB9FEDE1BBA84247DDA6
:10A6C000E14F9FEDE39B9FEDE48B9DED120B53EC6F
:10A6D0001A2B51EC100B002E1CDDF5F7EFFE41ECB0
:10A6E000100BBD4208D053EC1B2B51EC100BF5F7AF
:10A6F000E5FEC4E900010BE053EC192B51EC100B03
:10A70000F5F7DCFE53EC182BF5F7D8FEC4E9000191
:10A710000120C8E7F5F731FE41EC100BBD4208D02F
:10A7200053EC1B2B51EC100BF5F727FEC4E900018D
:10A730000BE053EC192B51EC100BF5F71EFE53EC0C
:10A74000182BF5F71AFEC4E900014FF0FF30AAE715
:10A75000C348A84279DB9DED120B51EC100B02F0BF
:10A7600003FE41EC180B9FEDC00B53EC102BF5F7DB
:10A77000ABFE9FEDBF1B53EC112BF5F7FEFDF5F77C
:10A78000A2FF0746F5F781FF41EC190B53EC1A2B9A
:10A79000F5F79AFE53EC182BF5F793FE41EC180BE6
:10A7A00053EC1B2B51EC190BF5F78EFEDFF8C8A20A
:10A7B00041EC100B4FEA15580125FA4453EC102BCD
:10A7C00051EC180BF5F77AFE032DC4E900013DD0DA
:10A7D000C1F30A5005EB4511A8EB00001139814285
:10A7E00034DA0AEB051BB0EE48AA9BED000BF0EE45
:10A7F00068AA53EC102B51EC190BF5F765FE41ECF0
:10A800001B0B51EC1A0B53EC1B2BF5F757FE41ECCD
:10A81000180B51EC1A0B53EC182BF5F74FFE53ECB9
:10A820001B2BF5F74BFE9BED020B41EC1A0B53EC87
:10A83000102B51EC190BF5F747FE53EC1A2BF5F7DB
:10A840003DFE41EC100B6D1CB8E70EE0002EA8BFDA
:10A850003846BFF628AF94ED000B51EC100B81F099
:10A860000041C4E9000178421DE7C6F3130040F43B
:10A87000801EC6F30A50A0F2F530471100F01F0504
:10A88000C5F12000DDF848B0089000200690079040
:10A890000520EC467949002D07EB0002794408BFFA
:10A8A00051F8221009D051F8223001EB8201AB405F
:10A8B0004A68089922FA01F11943A1FB0E26A1FB6F
:10A8C0000B131A449A4234BF0123002303EB0608FA
:10A8D0000CEB8003D3E901A60E448E4234BF012164
:10A8E000002192448A4411B1924502D903E0924575
:10A8F00001D2012100E00021C3E901A641444CF846
:10A900002010011EA0F10100C4DC029800F10050EB
:10A91000850F0298DDE903678000DDF81480F5F704
:10A92000B4FE41EC1A0B3046F5F7C0FE9FED541B08
:10A9300053EC112BF5F7C8FD41EC1B0B3846F5F72E
:10A94000B5FE9FED511B53EC112BF5F7BDFD41EC0E
:10A95000180B4046F5F7AAFE9FED4D1B53EC112B4B
:10A96000F5F7B2FD41EC190B51EC180B53EC192B18
:10A97000F5F703FD53EC1B2BF5F7FFFC53EC1A2BFB
:10A98000F5F7FBFCCDE90801002008909DED080BD0
:10A9900053EC1A2B51EC100BF5F790FD53EC1B2BDD
:10A9A000F5F78CFD53EC182BF5F788FD53EC192BBC
:10A9B000F5F787FD9FED381B53EC112BF5F784FD60
:10A9C0009FED370B41EC180B53EC102B9DED080B52
:10A9D00051EC100BF5F778FD53EC182BF5F7CDFC87
:10A9E0009FED310B41EC180B53EC102B9DED080B38
:10A9F00051EC100BF5F768FD53EC182BF5F7BDFC87
:10AA000041EC100B139810F0004F06D06D4251EC42
:10AA1000100B81F0004141EC100B284684ED000B37
:10AA200041E60000000000000000000000000000FF
:10AA3000FB21E93F7CD9024000004054FB21F93F53
:10AA40003163621A61B4D03DFB21F93F0000000080
:10AA50000000601A61B4D03D7370032E8A19A33BC5
:10AA6000FB2139410000000083C8C96D305FE43F1D
:10AA7000000000000000E03FDA6A0000286A0000E1
:10AA8000000000000000103E000000000000103C2C
:10AA9000000000000000103A182D4454FB21F93D3D
:10AAA0003326A611460B113C00000054FB21F93D52
:10AAB00010B52DED040B2DED088B82B0B0EE419A50
:10AAC000F0EE619A0B9820F000449FED4BABB4F18F
:10AAD000795F11DA9DED0A0B51EC100BF5F7F3FDE0
:10AAE000002801BFB0EE4A0AF0EE6A0A02B0BDECDF
:10AAF000088B04BF04B010BD9DED0A0B53EC102B66
:10AB000051EC100BF5F7E0FC41EC180B3C4806212A
:10AB1000B0EE480AF0EE680A784400F081F853EC91
:10AB2000182B51EC100BF5F7CFFC9DED0A0B41EC07
:10AB30001B0B53EC192B51EC100BF5F7C5FC41EC3A
:10AB4000190B53EC1B2B51EC180BF5F7BDFC53EC18
:10AB5000192BF5F7B3FC9FED2C0B41EC190B53ECC3
:10AB6000102B51EC180BF5F7AFFC41EC100B2848FB
:10AB7000844210DA53EC192B51EC100BF5F79EFCC4
:10AB800053EC1A2BF5F79DFC41EC100B02B0BDEC19
:10AB9000088B04B010BD1F48A042BCBF9FED1E1B18
:10ABA0008DED001B06DBA4F5001001900020009045
:10ABB0009DED001B51EC100B53EC112BF5F77EFCB7
:10ABC0009DED000B41EC180B53EC102B51EC1A0BC4
:10ABD000F5F774FC41EC1A0B53EC192B51EC180BE4
:10ABE000F5F76CFC53EC1A2BF5F76BFC41EC100BF2
:10ABF000CCE7000000000000000000000000F03F73
:10AC00004467000000000000000000000000E03F7A
:10AC10003333D33F0000E93F000000000000D23F83
:10AC200070B504462DED028B4D1E00EBC500B0EE55
:10AC3000408AF0EE608A90ED000B35F0060017D0E8
:10AC400053EC182B51EC100BF5F73EFC41EC100BBC
:10AC50006D1E04EBC50090ED001B51EC100B53EC86
:10AC6000112BF5F78AFB41EC100B35F00600E7D10C
:10AC7000022D36D0042D1CD0062D1CBFBDEC028B3E
:10AC800070BD53EC182B51EC100BF5F71DFC94ED37
:10AC90000A1B53EC112BF5F770FB53EC182BF5F74F
:10ACA00013FC94ED081B53EC112BF5F766FB41ECFC
:10ACB000100B53EC182B51EC100BF5F705FC94ED31
:10ACC000061B53EC112BF5F758FB53EC182BF5F73B
:10ACD000FBFB94ED040B53EC102BF5F74EFB41EC12
:10ACE000100B53EC182B51EC100BF5F7EDFB94ED1A
:10ACF000021B53EC112BF5F740FB53EC182BF5F727
:10AD0000E3FB94ED001B53EC112BF5F736FBBDEC88
:10AD1000028B41EC100B70BD31B504462DED040BD8
:10AD20002DED0A8BB0EE41BAF0EE61BA0B989DEDB5
:10AD30000A0B20F00040B0F1795F0DDA51EC100BF6
:10AD4000FEF769F8042808BF00F0CAF89DED0A0B69
:10AD5000BDEC0A8B05B030BD53EC102B51EC100B41
:10AD6000F5F7B2FB41EC180B9DED0A0B53EC182BD9
:10AD700051EC100BF5F7A8FB41EC190B2C48B0EE89
:10AD8000480AF0EE680A05217844FFF749FF9FED75
:10AD90002ACBB0EE40AAF0EE60AA9CB353EC1C2B79
:10ADA00051EC190BF5F790FB41EC1C0B53EC1A2BF3
:10ADB00051EC190BF5F788FB9FED210B41EC190BBA
:10ADC00053EC102B51EC1B0BF5F77EFB53EC192BBE
:10ADD000F5F774FB53EC182BF5F776FB53EC1B2BB4
:10ADE000F5F76CFB53EC1C2BF5F768FB9DED0A1B8C
:10ADF00053EC112BF5F765FBBDEC0A8B05B041EC6C
:10AE0000100B30BDFFE753EC1A2B51EC180BF5F784
:10AE10005BFB53EC1C2BF5F7B0FA53EC192BF5F751
:10AE200053FB9DED0A1B53EC112BF5F7A6FAE3E754
:10AE3000D465000000000000495555555555C5BF63
:10AE4000000000000000E03F9FED070B10B553EC41
:10AE5000102B9FED070B51EC100BF5F7A7FB41EC06
:10AE6000100B10BD000000000000000000000000FA
:10AE7000000000000000F03F10B553EC102B51EC27
:10AE8000100BF5F77AFA41EC100B10BD10B553EC2E
:10AE9000112B51EC100BF5F770FA41EC100B10BDB3
:10AEA0009FED050B10B553EC102B51EC100BF5F783
:10AEB0007DFB41EC100B10BD000000000000000005
:10AEC0009FED050B10B553EC102B51EC100BF5F763
:10AED000FBFA41EC100B10BD0000000000000070F8
:10AEE0009FED050B10B553EC102B51EC100BF5F743
:10AEF000EBFA41EC100B10BD000000000000001048
:10AF000030EE000A704730EE200A7047DFED020A8B
:10AF100080EEA00A70470000000000009FED020ACA
:10AF200020EE000A704700000000001002E008C890
:10AF3000121F08C1002AFAD170477047002001E0B3
:10AF400001C1121F002AFBD17047000001490860AF
:10AF500070470000C402002070B52DED028B8AB04E
:10AF600005460C4616460DB104B11EB90AB0BDEC3B
:10AF7000028B70BD94ED000AB5EEC00AF1EE10FA36
:10AF80000DD194ED010AB5EEC00AF1EE10FA06D12A
:10AF900094ED020AB5EEC00AF1EE10FA7DD09FEDF5
:10AFA000600AB0EE408A0020079008900990049053
:10AFB000059006905B4A07CA01AB07C395ED010AED
:10AFC000D5ED030A20EE200AD5ED000A95ED021A10
:10AFD00000EEC10AF0EE000A20EE200A8DED070A0D
:10AFE00095ED000AD5ED010A20EE200AD5ED020A02
:10AFF00095ED031A00EE810AF0EE000A20EE200A19
:10B000008DED080A95ED000A20EE000AD5ED030A41
:10B0100095ED031A00EE810AF7EE000AB0EE001A71
:10B0200051EE000ACDED090A01AB22463146284611
:10B0300000F07AF8D4ED000A60EEA00A94ED011A4F
:10B04000D4ED011A41EE210A94ED021AD4ED021A50
:10B0500041EE210AB0EE600AF5F770FEB0EE408ACC
:10B0600094ED000A20EE080A84ED000A94ED010A2E
:10B0700020EE080A84ED010A94ED020A20EE080A87
:10B0800084ED020A94ED010ADDED090A20EE200AA2
:10B09000D4ED020A9DED081A00E03EE000EEC10A80
:10B0A0008DED040A94ED020ADDED070A20EE200A78
:10B0B000D4ED000A9DED091A00EEC10A8DED050AD6
:10B0C00094ED000ADDED080A20EE200AD4ED010A15
:10B0D0009DED071A00EEC10A8DED060A96ED000AF5
:10B0E000DDED010A9DED041A00EE810A86ED000AED
:10B0F00096ED010ADDED020A9DED051A00EE810ACA
:10B1000086ED010A96ED020ADDED030A9DED061AB1
:10B1100000EE810A86ED020A00BF00BF26E70000AC
:10B1200000000000E41001082DE9F0412DED048B32
:10B1300007460D4614461E469FED580AB0EE409A4B
:10B140009FED560AB0EE408A9FED540AF0EE408A19
:10B15000D4ED000A60EEA00A94ED011AD4ED011AB4
:10B1600041EE210A94ED021AD4ED021A41EE210AB1
:10B17000B0EE600AF5F7E2FDF7EE000A80EE801A05
:10B18000B0EE419AD5ED000AB0EE600AF5F769FC21
:10B19000F0EE409AD5ED010AB0EE600AF5F761FCD9
:10B1A00079EE809AD5ED020AB0EE600AF5F759FC07
:10B1B00039EE800AF0EE408A3948D0ED000A79EE87
:10B1C000600AB0EE600AF5F74CFCB0EE408A9FEDE5
:10B1D000350AB4EEC08AF1EE10FA06DC9FED320AB1
:10B1E000F4EEC08AF1EE10FA53DD9FED2C2AB0EE9A
:10B1F000420A9FED2A2AF0EE421AB7EE002AF0EE3C
:10B20000420A9FED262AB0EE421AB5EEC08AF1EE50
:10B2100010FA05DD9FED232AC2EE082AB0EE620A7D
:10B220009FED222AB4EEC20AF1EE10FA03D29FED8E
:10B230001B2AB0EE420AF5EEC08AF1EE10FA05DDE7
:10B240009FED192AC2EE282AF0EE621AB7EE002A04
:10B25000B4EEC20AF1EE10FA03D220EE802AF0EE2C
:10B26000420AB7EE002AF4EEC21AF1EE10FA03D247
:10B2700020EEA12AF0EE420A9FED0D2A20EE822A4E
:10B28000B0EE421A86ED001A86ED011A86ED021A1A
:10B2900000BFBDEC048BBDE8F081000000000000A1
:10B2A000C0020020CDCCCC3D8FC2F53D9A99993E8D
:10B2B000CDCC4C3E10B52DED048B86B00446B0EEDF
:10B2C000408AF0EE608AB0EE419A0020039004902C
:10B2D0000590009001900290B0EE000AC8EE000ABE
:10B2E000F0EE609AB0EE690AF5F7B9FB8DED030A4E
:10B2F000B0EE000AC8EE800AF0EE609AB0EE690A7D
:10B30000F5F7ADFB8DED040AB0EE000AC9EE000AB8
:10B31000F0EE609AB0EE690AF5F7A1FB8DED050A33
:10B32000B0EE000AC8EE000AF0EE609AB0EE690ACC
:10B33000F5F70EFD8DED000AB0EE000AC8EE800AAA
:10B34000F0EE609AB0EE690AF5F702FD8DED010AA4
:10B35000B0EE000AC9EE000AF0EE609AB0EE690A9B
:10B36000F5F7F6FC8DED020A9DED050ADDED040A08
:10B3700020EE200ADDED030A20EE200ADDED020AB0
:10B380009DED011A60EE810A9DED001A00EE810A22
:10B3900084ED000A9DED020ADDED040A20EE200A8C
:10B3A000DDED030A20EE200ADDED050A9DED011A10
:10B3B00060EE810A9DED001A00EEC10A84ED010ADB
:10B3C0009DED050ADDED010A20EE200ADDED030A00
:10B3D00020EE200ADDED020A9DED041A60EE810ADE
:10B3E0009DED001A00EE810A84ED020A9DED050A2A
:10B3F000DDED040A20EE200ADDED000A20EE200A31
:10B40000DDED020A9DED011A60EE810A9DED031A41
:10B4100000EEC10A84ED030A06B0BDEC048B10BD3A
:10B420009FED1E1AF5EE000A40EE010ABDEEE00A9D
:10B4300010EE100AF5EEC00AF1EE10FA00D2401E2E
:10B4400000EE100AB8EEC00A30EEC00ADFED140AB2
:10B4500020EE200ABCEEC01A11EE100A80B2B0F540
:10B46000007F02D3002030EE600A00EE900AF8EE72
:10B47000600A70EE600A0B4901EB800292ED000A4F
:10B48000401C01EB800090ED001AF7EE001A71EEFF
:10B49000E01A21EE800A00EE810A704783F9223E0D
:10B4A00000000044E0080108DFED1D0A20EE200A3C
:10B4B000FDEEC00A10EE900AB5EEC00AF1EE10FAE9
:10B4C00000D2401E00EE900AF8EEE00A30EE600A6C
:10B4D000DFED140A20EE200ABCEEC01A11EE100AAD
:10B4E00080B2B0F5007F02D3002030EE600A00EE9B
:10B4F000900AF8EE600A70EE600A0B4901EB8002D8
:10B5000092ED000A401C01EB800090ED001AF7EE6E
:10B51000001A71EEE01A21EE800A00EE810A7047EF
:10B5200083F9223E00000044E008010830B50446DB
:10B530002DED108BB0EE40CA81B0F0EE60CAB0EED7
:10B54000410AF0EE61DAF0EE42FAF0EE629A9FED17
:10B55000E29AB0EE49BAF0EE49BAF0EE498AB0EE9E
:10B56000498A1DEE900A0FEE100A01F0EFFEB0EED0
:10B5700040EA1EEE100AF5F7C5F841EC100BFEF795
:10B580005FF9B0EE40AAF0EE60AA1DEE900AF5F762
:10B59000B9F853EC1A2BF4F797FF41EC1A0B1CEE99
:10B5A000100AF5F7AFF853EC1A2BF4F787FFF5F70D
:10B5B000EDF80DEE100A1EEE100AF5F7A3F841ECB7
:10B5C000100BFEF7D5FFB0EE40AAF0EE60AA1DEE1C
:10B5D000900AF5F797F853EC1A2BF4F775FF41EC46
:10B5E0001A0B1CEE900AF5F78DF853EC1A2BF4F7B2
:10B5F00065FFF5F7CBF80DEE900AF0EE491AB0EEC4
:10B60000491AF0EE6D0AB0EE4D0A03F05FFEF0EE5F
:10B6100040AAB0EE6F1AF0EE690AB0EE6A0A03F0C3
:10B6200085FF10EE100AAD4DB7EE00EAA84202D138
:10B63000B0EE4E8A0DE010EE100AF5F763F841EC1B
:10B64000100BFDF725FC51EC100BF5F79FF808EEF9
:10B65000900AF0EE49EAF0EE6C0AB0EE6E1AB0EE27
:10B660004C0AF0EE411A03F031FEF0EE400AB0EE63
:10B670004F1AB0EE6A0A03F059FF10EE100AA84202
:10B6800002D1B0EE4E8A0DE010EE100AF5F73AF84E
:10B6900041EC100BFDF7FCFB51EC100BF5F776F8C5
:10B6A00009EE100A8CEE8C0A10EE100AF5F72AF853
:10B6B00041EC100BFDF730FE51EC100BF5F766F87E
:10B6C0000AEE100A38EE890A30EE0A0A8DED000AF9
:10B6D000B0EE6A1AF0EE690AB0EE6F0A03F026FFC8
:10B6E00010EE100AA84202D1B0EE4E8A0DE010EE24
:10B6F000100AF5F707F841EC100BFDF7C9FB51EC08
:10B70000100BF5F743F80BEE900A9FED750A01F068
:10B710001DFE30EE680A30EE490A70EE4A8A18EED5
:10B72000900AF4F7EFFF41EC100BFEF721FFB0EEAB
:10B7300040AAF0EE60AA19EE900AF4F7E3FF53EC8A
:10B740001A2BF4F7C1FEF5F721F800EE100AB1EE5E
:10B75000409A18EE900AF4F7D5FF41EC100BFEF773
:10B760006FF8B0EE40AAF0EE60AA19EE900AF4F776
:10B77000C9FF53EC1A2BF4F7A7FEF5F707F800EE14
:10B78000100AB1EE400A3DEE491A7DEEC00A80EE85
:10B79000810ABFEE001AC1EE000A8DEEA00A3DEE4E
:10B7A000409AF0EE4B1AF0EE6D0AB0EE4D0AB0EE94
:10B7B000491A03F08BFDF0EE408AF0EE4B1AB0EE22
:10B7C000491AF0EE6C0AB0EE4C0A03F07FFDB0EEC1
:10B7D000401AF0EE680AB0EE4F0A03F0A7FE10EE32
:10B7E000100ADFED408AA84202D1B0EE4E8A1BE07B
:10B7F00010EE100AF4F786FF41EC100BFDF748FB42
:10B80000B0EE409AF0EE609AB0EE680A01F09EFD4C
:10B8100010EE100AF4F776FF53EC192BF4F74EFEF6
:10B82000F4F7B4FF0BEE100AB0EE4B0A03F0AAFDDA
:10B83000F0EE401AB0EE6B0A03F0A4FDB0EE402A21
:10B840009DED000A03F09EFDB0EE401AB2EE040A30
:10B8500031EEC00ADFED240A72EE600ADFED231A32
:10B8600031EEC11A10EE100A2149884202DDB0EE15
:10B87000680A06E0B5EEC00AF1EE10FA01D2B0EEA9
:10B880006E0A10EE900A1B49884202DDDFED1A0AAB
:10B8900006E0F5EEC00AF1EE10FA01D2F0EE6E0A03
:10B8A00011EE100A1549884202DD9FED151A06E0D7
:10B8B000B5EEC01AF1EE10FA01D2B0EE6E1A84EDB8
:10B8C000000AC4ED010A84ED021A84ED038A01B076
:10B8D000BDEC108B30BD0000000000000080B443C0
:10B8E00000008743000034436866284200006B4331
:10B8F00000003443000082430000824300005C43A8
:10B9000000005C43F8B5002000900024F5F76AFCC5
:10B910008020F5F7DFFD5520F5F7DCFD5520F5F724
:10B92000D9FD0090F5F756FC9620F5F7BCFCF5F72D
:10B9300059FC8020F5F7CEFD5520F5F7CBFD5520BD
:10B94000F5F7C8FD0090F5F745FC9620F5F7ABFC40
:10B95000F5F748FCB6217E20F5F7E4FDF5F73AFC53
:10B960005020F5F79EFCF5F73DFC8020F5F7B2FD81
:10B970005520F5F7AFFD5520F5F7ACFD0090F5F734
:10B9800029FC9620F5F78FFCF5F72CFC8020F5F7C5
:10B99000A1FD5520F5F79EFD5520F5F79BFD009084
:10B9A000F5F718FC9620F5F77EFC9DF800001E28A0
:10B9B00001D0FF20F8BD194FF5F714FC04EB440546
:10B9C000EE19785D7178F5F7ADFDF5F703FC96207B
:10B9D000F5F769FCF5F706FC785D40F08000F5F7B7
:10B9E00079FD5520F5F776FD5520F5F773FD0090AC
:10B9F000F5F7F0FB9620F5F756FC70789DF80010EF
:10BA0000884204D004EB440038448078F8BD641CBC
:10BA1000E4B2062CD0D30020F8BD0000B001002015
:10BA2000F0B587B000200290039001900024F5F754
:10BA3000D9FB8020F5F74EFD5520F5F74BFD55203D
:10BA4000F5F748FD0190F5F7C5FB9620F5F72BFCBF
:10BA5000F5F7C8FB8020F5F73DFD5520F5F73AFDD9
:10BA60005520F5F737FD0190F5F7B4FB9620F5F773
:10BA70001AFCF5F7B7FBB6217E20F5F753FDF5F775
:10BA8000A9FB5020F5F70DFCF5F7ACFB8020F5F78E
:10BA900021FD5520F5F71EFD5520F5F71BFD019002
:10BAA000F5F798FB9620F5F7FEFBF5F79BFB80205A
:10BAB000F5F710FD5520F5F70DFD5520F5F70AFDBA
:10BAC0000190F5F787FB9620F5F7EDFB9DF8040054
:10BAD0001E2802D0FF2007B0F0BD7C4FF5F782FB97
:10BAE00004EB4405EE19785D7178F5F71BFDF5F769
:10BAF00071FB9620F5F7D7FBF5F774FB785D40F006
:10BB00008000F5F7E7FC5520F5F7E4FC5520F5F744
:10BB1000E1FC0190F5F75EFB9620F5F7C4FB707829
:10BB20009DF80410884204D004EB44003844807827
:10BB3000D1E75020F5F7B5FB641CE4B2042CCDD35B
:10BB40000024F5F74FFB201D00EB4005EE19785D52
:10BB50007178F5F7E7FCF5F73DFB9620F5F7A3FBC9
:10BB6000F5F740FB785D40F08000F5F7B3FC552019
:10BB7000F5F7B0FC5520F5F7ADFC0190F5F72AFB81
:10BB80009620F5F790FB70789DF80410884205D058
:10BB9000241D04EB4400384480789CE75020F5F7DE
:10BBA00080FBF5F71FFB9220F5F794FC062202A913
:10BBB0001220F5F771FCF5F70DFB9DF8090004AABA
:10BBC00001029DF80800014304EB440022F8101024
:10BBD0009DF80B109DF80A3002EB400043EA01216A
:10BBE00041809DF80D109DF80C2042EA01218180D2
:10BBF000641CE4B2022CA4D3F5F7F4FA00216D2002
:10BC0000F5F790FCF5F7E6FA9620F5F74CFBF5F71B
:10BC1000E9FAED20F5F75EFC5520F5F75BFC5520C1
:10BC2000F5F758FC0190F5F7D5FA9620F5F73BFBB0
:10BC30009DF8040008B104204DE7F5F7D3FAB621CA
:10BC40007E20F5F76FFCF5F7C5FA5020F5F729FBD4
:10BC5000BDF91000BDF91610411A40F2555081424D
:10BC60000EDBBDF91210BDF91820891A814207DBDD
:10BC7000BDF91400BDF91A10401AB0F52A7F01DA97
:10BC8000802028E7F5F7AEFA8020F5F723FC552051
:10BC9000F5F720FC5520F5F71DFC0190F5F79AFA11
:10BCA0009620F5F700FBF5F79DFA8020F5F712FCDA
:10BCB0005520F5F70FFC5520F5F70CFC0190F5F732
:10BCC00089FA9620F5F7EFFA002004E784080108C6
:10BCD000F8B5002400200090F5F796FA6946002098
:10BCE000F5F7ECFBF5F788FA9620F5F7DCFAF5F7AF
:10BCF0008BFA69460020F5F7E1FBF5F77DFA96200F
:10BD0000F5F7D1FAF5F780FAB6211420F5F70AFC19
:10BD1000F5F772FA5020F5F7C4FAF5F775FA6946A7
:10BD20000020F5F7CBFBF5F767FA9620F5F7BBFA9D
:10BD3000F5F76AFA69460020F5F7C0FBF5F75CFAFB
:10BD40009620F5F7B0FA9DF800000F2801D0FF20EB
:10BD5000F8BD154FF5F758FA04EB4405EE19785D78
:10BD60007178F5F7DFFBF5F747FA9620F5F79BFAC0
:10BD7000F5F74AFA785D6946F5F7A0FBF5F73CFA66
:10BD80009620F5F790FA70789DF80010884204D05C
:10BD900004EB440038448078F8BD641CE4B2062CFF
:10BDA000D8D30020F8BD0000C201002038B5002023
:10BDB00000900024F5F728FA69460020F5F77EFB8D
:10BDC000F5F71AFA9620F5F76EFAF5F71DFA6946B7
:10BDD0000020F5F773FBF5F70FFA9620F5F763FAF5
:10BDE000F5F712FAB6211420F5F79CFBF5F704FAE3
:10BDF0005020F5F756FAF5F707FA69460020F5F7EF
:10BE00005DFBF5F7F9F99620F5F74DFAF5F7FCF932
:10BE100069460020F5F752FBF5F7EEF99620F5F7A5
:10BE200042FAF5F7F1F901213C20F5F77BFBF5F734
:10BE3000E3F95020F5F735FAF5F7E6F969463C20C5
:10BE4000F5F73CFBF5F7D8F99620F5F72CFA641CCA
:10BE5000E4B29DF80000800701D40A2CECD30A2C30
:10BE600005D09DF80000400703D5402038BD402094
:10BE700038BD002038BD000000B58BB0012109910C
:10BE80000020079008910190029003900490069082
:10BE9000059001A90C48F6F77FFA0B48F6F751FE1A
:10BEA00002210948F6F7F4F90E200A90069001A93C
:10BEB0000648F6F771FA0548F6F743FE02210348F3
:10BEC000F6F7E6F90BB000BD7009002098090020D4
:10BED0002DE9F05F07462DED048BDFEDFB8ADFF8DF
:10BEE000ECA3FB4CFB4E4FF0020B01254FF000087A
:10BEF0009FEDF98ADFF8E493012F4FD1CAF8005083
:10BF0000D9F8040030B101281BD0022827D003281B
:10BF100035D043E0F24880F80080257086F8008034
:10BF2000F04880F800B0B0EE481AF3EE090AB0EE1F
:10BF3000680A03F08FFA00210122084602F0D8F9BE
:10BF40002CE0B0EE481AF2EE080AB0EE680A03F0F0
:10BF500081FA00210222084602F0CAF91EE084F8A4
:10BF60000080B0EE481AF3EE040AB0EE680A03F05F
:10BF700071FA00210222084602F0BAF90EE084F8B4
:10BF80000080B0EE481AF3EE040AB3EE080A03F09C
:10BF900061FA01221146002002F0AAF9022F5FD1B6
:10BFA000CAF800B0D9F8040040B101281DD0022819
:10BFB00029D0032835D0042843D051E0C84880F860
:10BFC0000080257086F80080C64880F800B0B0EE8A
:10BFD000481AF3EE090AB0EE680A03F03BFA0021B2
:10BFE0000122084602F084F93AE0B0EE481AF2EE77
:10BFF000080AB0EE680A03F02DFA00210222084672
:10C0000002F076F92CE0B0EE481AF3EE040AB0EE36
:10C01000680A03F01FFA00210222084602F068F9BC
:10C020001EE025703570B0EE481AF3EE0E0AB2EE3F
:10C030000C0A03F00FFA00210222084602F058F918
:10C040000EE025703570B0EE481AF3EE020AB2EE3B
:10C050000C0A03F0FFF901221146002002F048F912
:10C060009FEDA19ADFEDA18A032F50D10320CAF8DA
:10C070000000D9F8040030B101281BD0022827D0D5
:10C08000032835D043E0964880F80080257086F874
:10C090000080944880F800B0B2EE041AF0EE490A2D
:10C0A000B0EE680A03F0D6F900210122084602F03A
:10C0B0001FF92CE0B0EE481AF3EE060AB0EE680A5B
:10C0C00003F0C8F900210222084602F011F91EE02F
:10C0D00084F80080B0EE481AF3EE0E0AB3EE080AB8
:10C0E00003F0B8F900210222084602F001F90EE03F
:10C0F00084F80080B0EE481AF3EE040AB3EE080AA2
:10C1000003F0A8F901221146002002F0F1F8042FF3
:10C1100050D10420CAF80000D9F8040030B1012839
:10C120001BD0022827D0032835D043E06C4880F884
:10C130000080257086F800806A4880F800B0B2EE72
:10C14000041AF0EE490AB0EE680A03F083F9002100
:10C150000122084602F0CCF82CE0B0EE481AF3EECB
:10C16000060AB0EE680A03F075F9002102220846BB
:10C1700002F0BEF81EE025703570B0EE481AF3EEFE
:10C180000E0AB2EE0C0A03F065F9002102220846FD
:10C1900002F0AEF80EE025703570B0EE481AF3EEFE
:10C1A000020AB2EE0C0A03F055F9012211460020F2
:10C1B00002F09EF89FED4E9A052F50D10520CAF847
:10C1C0000000D9F8040030B101281BD0022827D084
:10C1D000032835D043E0424880F80080257086F877
:10C1E0000080404880F800B0B0EE481AF3EE090A2B
:10C1F000B0EE680A03F02EF900210122084602F091
:10C2000077F82CE0B0EE481AF3EE010AB0EE490AD6
:10C2100003F020F900210222084602F069F81EE02E
:10C2200084F80080B0EE481AF3EE0E0AB3EE080A66
:10C2300003F010F900210222084602F059F80EE03E
:10C2400084F80080B0EE481AF3EE040AB3EE080A50
:10C2500003F000F901221146002002F049F8062FF0
:10C2600067D10620CAF80000D9F8040030B10128CF
:10C270001BD002283ED003284CD05AE0184880F842
:10C280000080257086F80080164880F800B0B0EE77
:10C29000481AF3EE090AB0EE680A03F0DBF8002151
:10C2A0000122084602F024F843E0B0EE481AF3EE0B
:10C2B000010AB0EE490A03F0CDF800210222084637
:10C2C00002F016F835E0000000001C42A800002033
:10C2D000600200205E02002000000000B800002084
:10C2E0005B020020610200200000E44100001842CF
:10C2F00000001A4225703570B0EE481AF3EE0E0AAF
:10C30000B2EE0C0A03F0A6F800210222084601F062
:10C31000EFFF0EE025703570B0EE481AF3EE020A1A
:10C32000B2EE0C0A03F096F801221146002001F04B
:10C33000DFFF072F3BD10720CAF8000059499FEDC6
:10C340005A0AD9F8040020B1012813D002281FD0BE
:10C350002DE0257086F8008081F80080B2EE0A1A80
:10C36000F3EE090A03F076F800210122084601F0F5
:10C37000BFFF1CE081F80080B0EE481AF3EE040A1B
:10C3800003F068F800210222084601F0B1FF0EE038
:10C3900081F80080B0EE481AF3EE0E0AB3EE080AF8
:10C3A00003F058F801221146002001F0A1FF082FE8
:10C3B00074D10820CAF80000D9F80400C8B10128D7
:10C3C00036D0022846D0032856D0042866D13570CE
:10C3D000B0EE481AF3EE090AB2EE0C0A03F03AF88E
:10C3E000BDEC048B00220121BDE8F05F104601F096
:10C3F0007FBF2E4F387850B92D4880F800803570B7
:10C400004FF4FA6001F028FF84F800B03D70B0EE00
:10C41000481AF3EE040AB2EE0C0A03F01BF8BDEC66
:10C42000048B01220021BDE8F05F084601F060BFE7
:10C430003570B0EE481AF2EE0A0AB2EE0C0A03F0BA
:10C4400009F8BDEC048B02220021BDE8F05F08462C
:10C4500001F04EBF3570B0EE481AF3EE090AB2EEA5
:10C460000C0A02F0F7FFBDEC048B02220021BDE8AC
:10C47000F05F084601F03CBF3570B0EE481AF3EEAD
:10C48000090AB3EE0F0A02F0E5FFBDEC048B0122AE
:10C490000021BDE8F05F084601F02ABFBDEC048B27
:10C4A000BDE8F09F5F020020000028425A020020F1
:10C4B000610200202DE9F04105462DED048BF0EEE0
:10C4C000408AB0EE609AB0EE418A0C46002D1DD134
:10C4D00094EDD10AF0EE680A04F5C470FAF73AF95F
:10C4E00084EDDA0A94EDD20AF0EE490A04F5E87018
:10C4F000FAF730F984EDDB0A94EDD80AF0EE480A39
:10C5000004F50670FAF726F984EDDC0A012D43D113
:10C51000424FB0EE680A4248D7ED000A02F094FE9E
:10C520003F4ED7ED000AB0EE490A301D02F08CFEF6
:10C5300097ED000ADFED3B0A06F1080060EE200AE5
:10C54000B0EE480A02F080FED6ED000AC4EDDD0A26
:10C5500096ED010A84EDDE0A96ED020A84EDDF0A0B
:10C5600094EDD40A04F51870FAF7F4F884EDDA0AB9
:10C57000D4EDDE0A94EDD50A04F52A70FAF7EAF84C
:10C5800084EDDB0AD4EDDF0A94EDD60A04F53C70A5
:10C59000FAF7E0F884EDDC0A022D3BD12249887AD3
:10C5A000032837D19FED210A84EDDA0A84EDDB0AF6
:10C5B00084EDDC0AB1F906009FED1D0A00F10A02C4
:10C5C000142A07D900EE900AF8EEE00A80EE801AED
:10C5D00084EDDA1AB1F9040000F10A02142A08D92C
:10C5E000404200EE900AF8EEE00A80EE801A84EDF8
:10C5F000DB1AB1F9000000F10A0114290AD94042FE
:10C6000000EE100AF1EE040AB8EEC00A80EE201A1D
:10C6100084EDDC1ABDEC048BBDE8F081E001002064
:10C62000F051002000007A44B054002000000000C7
:10C630000000964370B504462DED028B84B09FED4B
:10C640003A8A00200090019002900390002594ED1A
:10C65000DC1AD4EDDB0A94EDDA0A684600F0E8F95A
:10C660006E4605EB450104EBC10156F82500486113
:10C67000F4F748F841EC100BFDF746F951EC100BBC
:10C68000F4F784F800EE100AB4EEC08AF1EE10FA66
:10C6900001D2B0EE408A6D1CEDB2042DE1D318EE4C
:10C6A000100AB0F1814F12DDF1EE000A80EE880A27
:10C6B000002000EB400104EBC101D1ED050A60EE62
:10C6C000800AC1ED050A401CC0B20428F1D3002540
:10C6D00005EB450004EBC000D0ED050A90ED030A20
:10C6E00005EBC50004EBC0006830FAF733F86D1CA9
:10C6F000EDB2042DECD3002000EBC00104EBC1012E
:10C7000000EB400291ED220A04EBC202BDEEC00A2A
:10C7100010EE101A9183401CC0B20428ECD304B070
:10C72000BDEC028B70BD00000000000010B50028B9
:10C730007ED00022DFED5C1ADFED5C0A9FED5C1A13
:10C740009FED5C2ADFED5C2A9FED5C3A02EB420133
:10C7500000EBC10191ED030A81ED040A8B68B3F986
:10C76000024003EE904AF8EEE33A63EEA13A63EE3C
:10C77000A03A40EE013AC1ED033A93ED030AF8EE18
:10C78000C03A83EE820A20EE220A20EE030A81EDEF
:10C79000060A521CD2B2042AD8D390EDD13A80EDC9
:10C7A000CE3A90ED030A90ED092AD0ED0F1A70EE03
:10C7B000422A72EEE13AD0ED152A33EEA24AF5EEA6
:10C7C000003A24EE235A9FED3E4AC5EE044A64EE39
:10C7D000A04A43EE014AC0EDD14A90EDD23A80ED35
:10C7E000CF3A71EEC04A74EEC24A74EEA24A24EE09
:10C7F000A35AC5EE044A64EEA00A43EE010AC0ED56
:10C80000D20A32EE000A9FED2F1A30EE220A70EEA5
:10C81000210A80EE810AFDEE000A20EE200A80ED5A
:10C82000D30A90ED060AD0ED0C0A70EE601A00E013
:10C8300038E090ED121A31EEC12AD0ED181A32EE1E
:10C84000212A22EE232AC2EE042AC0EDD42AB1EE18
:10C85000400A30EE600A30EE010A30EE210A20EE86
:10C86000230AC0EE040AC0EDD50A90EDD60A80ED89
:10C87000D70A016891ED000A80EDD60A12490978BD
:10C8800002290AD910EE101A104A914205DDDFED97
:10C89000100A30EE600A80EDD60A416891ED020A76
:10C8A00080EDD80A10BD0000CAAF41399A99193EEF
:10C8B0009A99593F00009048DA0F49404A0C023ECD
:10C8C000F304353F6DCE673BE40100200000704269
:10C8D0000000B44370B504462DED048B002C78D0D5
:10C8E00000F062FD206000F063FD606000259FEDB8
:10C8F0003A8ADFED3A8A9FED3A9A84EDD48A84ED44
:10C90000D58A284600F0CCFD05EB450104EBC101BA
:10C91000886005EBC50004EBC0006830F0EE680AE3
:10C92000B0EE490A2F4A0021F9F7D8FF6D1CEDB28D
:10C93000042DE2D32B4A9FED2C8AB7EE000A0C326D
:10C94000F0EE480A002104F5C470F9F7C7FF254A44
:10C95000F0EE480AB7EE000A0C32002104F5E87048
:10C96000F9F7BCFFDFED218A1E4A9FED210AF0EEA8
:10C97000680A3032002104F50670F9F7AFFF9FED29
:10C980001D9A184AB0EE480AF0EE490A1832002102
:10C9900004F51870F9F7A2FF124AF0EE490AB0EE5A
:10C9A000480A1832002104F52A70F9F797FF0D4A5A
:10C9B000F0EE680A9FED100A2432002104F53C7065
:10C9C000F9F78CFFBDEC048B2046BDE87040FFF703
:10C9D000ADBEBDEC048B70BD0000000000009644AD
:10C9E0000000FA45A4080108CDCCCC3E000020424E
:10C9F0000000B442CDCC4C3E00007042094A0121F7
:10CA000011709FED090A80EDD40A80EDD50A80ED02
:10CA1000DD0A80EDDE0A054880ED000A80ED010A9E
:10CA200070470000E601002000000000F0510020E7
:10CA300030EEC02ADFED121A62EE212A9FED112A94
:10CA400041EE422AC0ED002A70EE202A62EEA12AB1
:10CA500041EE422AC0ED012A70EE602A62EEA12A60
:10CA600041EE422AC0ED022AB1EE400A30EE600AE1
:10CA700020EE210A01EE420A80ED030A7047000011
:10CA8000F30435BF6DCE673B2DE9F05F2DED068BCE
:10CA9000DFF8E08398F800009FEDF78A002807D1BF
:10CAA000B0EE480AB0EE401AF0EE400A02F0E2FCA6
:10CAB00098F80000F14E0427DFEDF18ADFF8C4A3F7
:10CAC00000240125DFF8C093012871D199F80000F6
:10CAD00050B9B0EE481ADFEDED0A9FEDED0A01F016
:10CAE00075F808B189F8005099F8000001281AD1AA
:10CAF000F0EE480AB0EE601A9FEDE60A01F066F823
:10CB000008B9307838B1022089F800003470E24862
:10CB1000FFF774FF07E0F0EE480AB0EE680AB0EEE7
:10CB2000601A02F0A7FC99F800009FEDDC9A022839
:10CB30000BD1B0EE480AB0EE491AF0EE400A01F00F
:10CB400045F810B1032089F8000099F80000032887
:10CB50001BD1B0EE491AF0EE480AB0EE680A01F0B7
:10CB600035F810B99AF8000038B189F800708AF8E1
:10CB70000040C948FFF742FF07E0F0EE480AB0EE78
:10CB8000680AB0EE601A02F075FC99F800000428FB
:10CB90000ED1B0EE480AB0EE491AF0EE400A01F0AC
:10CBA00015F828B189F8004088F80040BC480570A5
:10CBB000B04800789FEDBB9ADFEDBB9ADFF8EC82BE
:10CBC000DFF8D4B202287CD1B948057099F800008A
:10CBD00080B99FEDB81AF0EE480A9FEDB70A00F051
:10CBE000F5FF08B9307828B189F800503470AA48A8
:10CBF000FFF704FF99F8000001280BD1F0EE480A76
:10CC0000B0EE490AB0EE601A00F0E0FF10B1022069
:10CC100089F8000099F80000022813D1B0EE480A04
:10CC2000B0EE401ADFEDA50A00F0D0FF20B9A4480D
:10CC30000088B0F5AF7F05D2032089F80000964840
:10CC4000FFF7DCFE99F8000003280AD1F0EE480A4D
:10CC5000B0EE601A9FED9B0A00F0B8FF08B189F8AA
:10CC6000007099F8000004280BD19FED971AB0EEE0
:10CC7000480AF0EE400A00F0A9FF10B1052089F83B
:10CC8000000099F80000052811D1B0EE691AF0EE05
:10CC9000480AB6EE000A00F099FF08B9307830B1C2
:10CCA000062089F8000034707B48FFF7A7FE99F84A
:10CCB00000009FED86AA062813D1307848B10720DE
:10CCC00000E098E189F8000034707348FFF796FEA1
:10CCD00007E0B0EE480AF0EE4A0AB0EE401A02F061
:10CCE000C9FB99F80000072813D17949DBF85403F0
:10CCF000884206D9082089F800006748FFF77EFEC1
:10CD000007E0B0EE480AB0EE401ADFED720A02F01A
:10CD1000B1FB99F80000082818D16F49DBF85003DF
:10CD2000884202DC9AF8000040B1092089F800002E
:10CD30006A4805705848FFF761FE07E0F0EE480AC0
:10CD4000B0EE680AB0EE601A02F094FB99F80000A9
:10CD5000634E09280ED1B8F80000022811D03078AF
:10CD600001280ED0B0EE480AB0EE401AF0EE400AAC
:10CD700002F080FB99F80000DFED5AAA0A2808D0DB
:10CD80001FE00A2089F8000034704348FFF736FEA0
:10CD9000F0E7B0EE480AF0EE6A0AB0EE401A00F092
:10CDA00015FF30B10D2089F800003B48FFF726FE43
:10CDB00007E0B0EE480AF0EE4A0AB0EE401A02F080
:10CDC00059FB99F800000B280ED1B8F80000022892
:10CDD0000FD0307801280CD0B0EE480AB0EE401ADF
:10CDE000F0EE400A02F046FB99F800000C2808D04B
:10CDF0001FE00C2089F8000034702748FFF7FEFD83
:10CE0000F2E7B0EE480AF0EE6A0AB0EE401A00F01F
:10CE1000DDFE30B10D2089F800001F48FFF7EEFD60
:10CE200007E0B0EE480AF0EE4A0AB0EE401A02F00F
:10CE300021FB99F800000D280ED1B8F80000022857
:10CE40000FD0307801280CD0B0EE480AB0EE401A6E
:10CE5000F0EE400A02F00EFB99F800000E2843D0D5
:10CE60005AE00E2089F8000034700B48FFF7C6FD29
:10CE7000F2E70000E401002000000000E9010020CA
:10CE8000CDCC4C3EEA010020E50100203D0A173FD1
:10CE90009A9979403333333FC04C00200000B342AD
:10CEA000EB0100200AD7233C0000B0C2F4000020B0
:10CEB000ED0100200000B2426891EDBDCDCC4CBF29
:10CEC0009E0200201F859BBF0000B2C2CDCC4CBD8E
:10CED000CDCC4CBECDCCCC3DCDCC4C3FEC010020DC
:10CEE0005C020020CDCCCCBDB0EE480AF0EE6A0A60
:10CEF000B0EE401A00F06AFE30B10F2089F8000051
:10CF0000BE48FFF77BFD07E0B0EE480AF0EE4A0AA4
:10CF1000B0EE401A02F0AEFA99F800000F280ED1D8
:10CF2000B8F8000002280FD0307801280CD0B0EEFD
:10CF3000480AB0EE401AF0EE400A02F09BFA99F867
:10CF40000000102808D01FE0102089F8000034707D
:10CF5000AA48FFF753FDF2E7B0EE480AF0EE6A0A7E
:10CF6000B0EE401A00F032FE30B10F2089F8000018
:10CF7000A248FFF743FD07E0B0EE480AF0EE4A0A88
:10CF8000B0EE401A02F076FA99F8000011280ED19E
:10CF9000B8F8000002280FD0307801280CD0B0EE8D
:10CFA000480AB0EE401AF0EE400A02F063FA99F82F
:10CFB0000000122808D01EE0122089F8000034700A
:10CFC0008E48FFF71BFDF2E7B0EE480AF0EE6A0A62
:10CFD000B0EE401A00F0FAFD28B189480470874885
:10CFE000FFF70CFD07E0B0EE480AF0EE4A0AB0EE9B
:10CFF000401A02F03FFA824E307803286DD1814901
:10D000000220087099F8000050B9B0EE691AF0EEED
:10D01000480ABEEE000A00F0D9FD08B189F80050B8
:10D0200099F8000001280BD19FED771AB0EE480A5D
:10D03000F0EE400A00F0CAFD10B1022089F80000AD
:10D0400099F80000022815D17049DBF85403884292
:10D0500008D9032089F800006D4807706748FFF77A
:10D06000CDFC07E0B0EE481ADFED6A0AB0EE490ADF
:10D0700002F000FA99F8000003280BD16448007808
:10D0800006280CD0B0EE480AB0EE401AF0EE400A86
:10D0900002F0F0F999F80000042803D01DE089F8A7
:10D0A0000070F7E75C49DBF85403884209DD89F832
:10D0B000004057490920087037705048FFF79EFC20
:10D0C0000BE0B8F8000001280DD09FED541AF0EEE7
:10D0D000680AB0EE480A02F0CDF930789FED509A18
:10D0E000042809D064E0B0EE480AB0EE401AF0EE31
:10D0F000400A02F0BFF9F0E799F8000050B99FED3F
:10D10000491ADFED490ABEEE000A00F05FFD08B1E2
:10D1100089F8005099F8000001280BD1B0EE480AB8
:10D12000B0EE491AF0EE400A00F050FD10B10220B6
:10D1300089F8000099F8000002280BD1B0EE491AD6
:10D14000F0EE480A9FED390A00F040FD10B10320CF
:10D1500089F8000099F8000003280AD1B0EE491AB6
:10D16000DFED330AB0EE480A00F030FD08B189F86F
:10D17000007099F8000004281AD1DBF85003B0F1D0
:10D180007C5F02DC9AF8000050B189F80040294821
:10D19000057034708AF800401848FFF72FFC07E04C
:10D1A000F0EE480AB0EE680AB0EE601A02F062F9DA
:10D1B000307805281ED199F8000050B9B0EE491A10
:10D1C000DFED1D0AB0EE480A00F000FD08B189F855
:10D1D000005099F8000001280CD1B0EE491AF0EE89
:10D1E000480A9FED160A00F0F1FC002802D089F8E9
:10D1F00000403470BDEC068BBDE8F09FC04C0020B1
:10D20000E4010020ED010020000034C3CDCCCCBEF1
:10D21000EB010020CDCC4CBE3D0A074000000AC205
:10D22000008083C30000AEC2295C8F3EE17A543F88
:10D230008FC2153F61020020B81E1540333333BF43
:10D2400070B50022274D284C05F1F00002EB820159
:10D2500035F92130DBB1A689761CA68106883344D6
:10D26000038005EB810143884E8833444380436843
:10D270004E6833444360037A0E7A33440372C368C2
:10D28000CE683344C360038A098A19440182521C60
:10D29000D2B20C2ADAD3A189002921D0B0F900201A
:10D2A00092FBF1F2E2814288B2FBF1F22282426803
:10D2B000B2FBF1F2A261027AB2FBF1F22272C26811
:10D2C000B2FBF1F2E261B0F9102092FBF1F1618260
:10D2D00000210180418041600172C1600182A18111
:10D2E00070BD0000AC5300209002002006480749A2
:10D2F0000068B0FBF1F206490A704FF47A72B0FB95
:10D30000F2F04860704700002800002040420F0003
:10D31000A001002070B500214FF0E0256C690A4A99
:10D3200012785043AB69AA699A42FCD003D2A3EBAE
:10D330000203194403E0A4EB0206334419441346E4
:10D340008142F0D370BD0000A0010020DFED040A8F
:10D350009FED041A60EE200A80EE810A70470000FB
:10D36000D00F49400000344382B0CDE9000121F0E4
:10D37000004001909DED000B02B051EC100B704786
:10D3800031EE601A0121814070EE600A491E00EE04
:10D39000101AB8EEC00A20EE800AC0EE010ABDEEF7
:10D3A000E00A10EE100A704700487047A4500020B1
:10D3B00000487047B05000202DE9F04104460D466A
:10D3C00016461F4614B10DB106B10FB9BDE8F08184
:10D3D000D4ED010A94ED031A60EE810A94ED001A6F
:10D3E000D4ED021A41EE610AB8EE001A60EE810A2D
:10D3F000B0EE600AF3F72FFB86ED000A94ED001AF9
:10D4000021EE011AD4ED011A94ED012A01EE821ADF
:10D41000F7EE001AB0EE002A52EE011AF0EE610AA1
:10D4200094ED001AD4ED031A21EE211AD4ED011A5D
:10D4300094ED022A01EE821AF0EE001A21EE211A72
:10D44000B0EE410AF3F709FB85ED000A94ED001AEE
:10D4500021EE011AD4ED031A94ED032A01EE821A8B
:10D46000F7EE001AB0EE002A52EE011AF0EE610A51
:10D4700094ED001AD4ED011A21EE211AD4ED021A0E
:10D4800094ED032A01EE821AF0EE001A21EE211A21
:10D49000B0EE410AF3F7E1FA87ED000A00BF95E725
:10D4A000024900F0030001EB001070479851002082
:10D4B0002DE9F84F0446DFF87C806427A8F10505C4
:10D4C0000AE0009718F804001A4A41000123521F8D
:10D4D0001948F6F777F8286128690028F1D1012664
:10D4E0002E61DFF8509009F1020909EB040A0AE005
:10D4F000009718F80400524606EB400101230E483D
:10D50000F5F710FFE860E8680028F1D1EE60687078
:10D510000A4819F8043000EBC402687823FA00F1D5
:10D5200001F001011154401CC0B268700828F4D306
:10D53000BDE8F88FDD000020C0090020B04C0020BD
:10D540002DE9F04F099D0024DFF8C8C0DFF8C8A01E
:10D550000CF1240808F124090AF11C0B04EB440621
:10D560000CEB860793ED050AD7ED000A97ED011A3B
:10D5700020EE200AD3ED060A00EE810AD3ED070A59
:10D5800097ED021A00EB840700EE810A87ED000A8E
:10D5900008EB860793ED010AD7ED000A97ED011A13
:10D5A00020EE200AD3ED020A00EE810AD3ED030A31
:10D5B00097ED021A0AEB840700EE810AD7ED000A04
:10D5C00001EB840730EE200A87ED000A09EB86069E
:10D5D00095ED010AD6ED000A96ED011A20EE200A1B
:10D5E000D5ED020A00EE810AD5ED030A96ED021A86
:10D5F0000BEB840600EE810AD6ED000A02EB8406EE
:10D6000030EE200A86ED000A641CE4B2032CA5D398
:10D61000BDE8F08F340100202851002010B53C4BAC
:10D620001878C4073B48D0E9121223D00868006874
:10D63000C0071FD110680068C0071BD15878800749
:10D6400018D49878800715D4187820F00100187045
:10D65000187840F002001870002201212E48F5F7DA
:10D6600087FD2B4908222431BDE81040A1F10800B4
:10D67000F9F798B95878C407284821D00C6824686D
:10D68000E4071DD114682468E40719D11C78A407A5
:10D6900016D49C78A40713D4597821F0010159704D
:10D6A000597841F00201597000221021F5F760FD10
:10D6B00017480922BDE8104019492C30F9F772B912
:10D6C0009C78E40722D009680968C9071ED111684F
:10D6D0000968C9071AD11978890717D459788907B1
:10D6E00014D4997821F001019970997841F00201E0
:10D6F000997000221021F5F73BFD054904221831ED
:10D70000BDE81040A1F10C00F9F74CB910BD0000C4
:10D71000FC000020280B0020000402400000024012
:10D72000BC5000200149096848637047D00C0020B4
:10D7300010B51B491B4CC87900281AD02046DFEDD4
:10D740001A0AF9F707F894ED080AB5EEC00AF1EEE7
:10D7500010FA03D29FED150A84ED080A94ED080A29
:10D76000BCEEC00A10EE100A80B2BDE81040FFF710
:10D77000D9BF10EE100A0E4A90420BDD8879401C8A
:10D78000C0B28871C82805D90120C8719FED090A67
:10D7900084ED0A0ABDE8104041F28730FFF7C2BFAE
:10D7A000FC00002050510020000034420000000026
:10D7B0000000344200401C45704700001FB50123A3
:10D7C00003AC6421CDE90043024602911C210348C9
:10D7D000F5F79CFF9DF80C0004B010BD140A002062
:10D7E00013B584B0012305AC6421CDE900430246A2
:10D7F00002911C210248F6F7D7F806B010BD0000D0
:10D80000140A0020012240210148F5F7B1BC0000B4
:10D8100000180240002240210148F5F7A9BC000091
:10D8200000180240704700F017BD00002DE9F041DC
:10D830000024FFF7C1FFFFF7F5FFFFF7EBFF3220F2
:10D84000FFF7F1FFFFF7DEFF3220FFF7ECFF0020CC
:10D85000FFF7B4FF102802D04020BDE8F08101207E
:10D86000FFF7E1FF0F4F04EB4405EE19785D717887
:10D87000FFF7B6FF0120FFF7D6FF785DFFF79EFFA9
:10D8800005460120FFF7CFFF7078A84204D004EBD3
:10D89000440038448078E0E7641CE4B2042CE2D30E
:10D8A0000020DAE796080108F0B5C6480078C54CB4
:10D8B0000F22E41F00262178042906D2AA2801D0CD
:10D8C000267076E0491C217073E00B1F062B6DD289
:10D8D000BC49C91F062B49786BD2DFE803F0030669
:10D8E0001215185ED8B12670667002281BD00D285C
:10D8F00022D00F2829D010282FD0142838D02670F5
:10D90000667098B32670667088B326706670207152
:10D910002178491C217061780144617049E0052338
:10D920002370617045E00221E1702178491C21706B
:10D930006178891C61703CE00D21E1702178491CFF
:10D94000217061780D31617033E0E2702178491CFB
:10D95000217061780F3161702BE01021E170217826
:10D96000491C217061781031617022E009E00EE0FD
:10D970001421E1702178491C2170617814316170A3
:10D9800017E02178491C21706178617011E02178DD
:10D99000491C2170617861700BE0237903EB00234F
:10D9A00023710A2323700144617002E00A2900D127
:10D9B0006671E178022977D16179002974D12178E3
:10D9C000092971D9804DBE291FD2A1F10A0393FB09
:10D9D000F2F702FB1732D7B2A7717A4AD21F0F2F84
:10D9E000937803EB830210D2DFE807F008101C25C0
:10D9F000313A46525F68717D89959E0025F8220074
:10DA0000627802446270491C21709AE035F8223035
:10DA100003EB002325F82230627802446270491C2F
:10DA200021708EE005EB82025080627802446270C1
:10DA3000491C217085E005EB8202538803EB00232B
:10DA40005380627802446270491C217079E005EBD2
:10DA500082025060627802446270491C217070E05A
:10DA600005EB8202536803EB0023536062780244A3
:10DA70006270491C217064E005EB8202536803EB7D
:10DA800000435360627802446270491C217058E080
:10DA900005EB8202536803EB006353606278024433
:10DAA0006270491C21704CE068E005EB8202107244
:10DAB000627802446270491C217042E005EB8202E8
:10DAC000D060627802446270491C217039E005EB35
:10DAD0008202D36803EB0023D36062780244627051
:10DAE000491C21702DE005EB8202D36803EB004353
:10DAF000D360627802446270491C217021E005EB1A
:10DB00008202D36803EB0063D360627802446270E0
:10DB1000491C217015E005EB8202108262780244F4
:10DB20006270491C21700CE005EB8202178A07EB3A
:10DB300000271782627802446270491C21705B1CC6
:10DB4000A3702178BE291AD01E4AD21FBF2952695C
:10DB50001CD0C02923D0C1292AD0C2290ED1617876
:10DB6000884204D1FFF76CFB6089401C60812888E3
:10DB7000E0816670267001206071A670F0BD606162
:10DB8000BF212170617808446070F0BD02EB002174
:10DB90006161C0212170617808446070F0BD02EBC2
:10DBA00000416161C1212170617808446070F0BD5D
:10DBB00002EB00616161C2212170617808446070EC
:10DBC000F0BD000097020020AC53002070B52DED91
:10DBD000048BB0EE409AF0EE608AB0EE418A27499D
:10DBE0000120B0EE481AF0EE680AB0EE490AFEF7DE
:10DBF00061FC224CD4EDD40A39EE600A10EE100A12
:10DC0000F2F780FD41EC100BFBF77EFE51EC100BA0
:10DC1000F2F7BCFD064694EDD50A38EEC00A10EEC8
:10DC2000100AF2F76FFD41EC100BFBF76DFE51ECA3
:10DC3000100BF2F7ABFD054694EDD60A38EE400A1C
:10DC400010EE100AF2F75EFD41EC100BFBF75CFEE4
:10DC500051EC100BF2F79AFD09498E420BDA8D4216
:10DC600009DA0849884206DA2046FEF7C7FE012095
:10DC7000BDEC048B70BD0020FAE70000C04C002012
:10DC80000AD7233CCDCCCC3D2DE9F04104462DED07
:10DC9000028B0226404FDFF80481414D012C25D133
:10DCA00038609FED408ADFED408A686870B988F877
:10DCB0000060B0EE481AF3EE030AB0EE680A01F015
:10DCC000C9FB00221146104600F012FB68680128CB
:10DCD0000CD1B0EE481AF3EE030AB0EE680A01F078
:10DCE000B9FB00220121104600F002FB9FED2F8AB4
:10DCF000DFED2F8A022C21D13E60686870B988F868
:10DD00000060B2EE041AF0EE480AB0EE680A01F0C4
:10DD1000A1FB00221146104600F0EAFA68680128CB
:10DD20000CD1B2EE041AF0EE480AB0EE680A01F027
:10DD300091FB00220121104600F0DAFA032C26D1D3
:10DD400003203860686870B988F80060B2EE041A81
:10DD5000F0EE480AB0EE680A01F07CFB00221146A2
:10DD6000104600F0C5FA6868012810D1B2EE041A16
:10DD7000F0EE480AB0EE680A01F06CFBBDEC028BD5
:10DD80000022BDE8F0410121104600F0B1BABDEC1F
:10DD9000028BBDE8F0810000B0000020610200208D
:10DDA000B800002000000000000028420000E4410C
:10DDB00000001842F5F74EFFFAF72CFCF8F71EFAB0
:10DDC000F8F794F9F8F72EFBF8F750FBF8F70AFB91
:10DDD000F8F748F9F8F766FCF8F7E4FAF8F764F9A9
:10DDE000F8F778FBF8F7F2FBF8F796FCF8F776FC13
:10DDF000FEF742F800210648F7F7C8F8FFF776FA71
:10DE000001F0B8FAF8F7B0F900F02EFAFEE70000DA
:10DE1000D00C00209E4C012211032046F5F7A8F9F2
:10DE2000002221152046F5F7A3F90022E11420462F
:10DE3000F5F79EF9974C02E0012000F00DFA2078EA
:10DE40000028F9D0DFF850B20024CBF80040DFF80A
:10DE50004CA201258AF800500020FAF753FB02205B
:10DE6000FAF7F6FA0020FAF72FFB8D4F8D4D8E4E04
:10DE7000DFF838824FF003098D48C07A03280BD0B1
:10DE8000CBF800408B49012008708B4800780128AE
:10DE900006D0022804D006E00120CBF80000F1E70C
:10DEA000012000F089FF9AF80000012852D198F86B
:10DEB0000000B0FBF9F109FB110010B90120FFF7D8
:10DEC000E3FE98F80000B0FBF9F109FB110101290C
:10DED00007D12978012904D13978022908D00329EA
:10DEE00006D0B0FBF9F109FB1101012905D00AE0C8
:10DEF00034600120FDF7ECFF18E02978012902D1F8
:10DF00003978012906D0B0FBF9F109FB110101298B
:10DF100005D00BE034600220FDF7DAFF06E0297837
:10DF2000022903D13460401C88F8000098F80000F2
:10DF3000B0FBF9F109FB110102290BD1022802D033
:10DF4000052804D006E00120FFF79EFE02E0022033
:10DF5000FFF79AFE9AF80000022848D198F80000CE
:10DF6000B0FBF9F109FB110010B90220FFF78CFE9C
:10DF700098F80000B0FBF9F109FB1101012907D164
:10DF80002978012904D13978022908D0032906D03B
:10DF9000B0FBF9F109FB1101012905D00AE0346059
:10DFA0000320FDF795FF18E02978012902D139787F
:10DFB000012906D0B0FBF9F109FB1101012905D0B7
:10DFC0000BE034600420FDF783FF06E02978022986
:10DFD00003D13460401C88F8000098F80000B0FBC2
:10DFE000F9F109FB1100022801D1FFF74DFE9AF863
:10DFF0000000032848D198F80000B0FBF9F109FBB4
:10E00000110010B90220FFF73FFE98F80000B0FBA6
:10E01000F9F109FB1101012907D12978012904D15E
:10E020003978022908D0032906D0B0FBF9F109FBA1
:10E030001101012905D00AE034600520FDF748FFF1
:10E0400018E02978012902D13978012906D0B0FBDE
:10E05000F9F109FB1101012905D00BE0346006201C
:10E06000FDF736FF06E02978022903D13460401C11
:10E0700088F8000098F80000B0FBF9F109FB1100E6
:10E08000022801D1FFF700FE012000F0E5F8F3E6D9
:10E09000001C0240E7010020B4000020EC01002039
:10E0A000F6000020F4000020540200205802002056
:10E0B000B0540020ED010020EB01002001460020BB
:10E0C000842900D0C81C70472DE9F0412DED028B4A
:10E0D00040F6B8364D4F9FED4E8A07F124044D4D62
:10E0E00088E069790029FCD0002169712978490705
:10E0F0003DD5B04224D2287820F00400287043494E
:10E10000444801F1140100F12500F3F7CFF894ED34
:10E11000050AD7ED050A30EE200A84ED050A94EDD4
:10E12000060AD7ED060A30EE200A84ED060A94EDC1
:10E13000070AD7ED070A30EE200A84ED070A12E03D
:10E1400011D194ED050AC0EE080AC4ED050A94ED5C
:10E15000060AC0EE080AC4ED060A94ED070AC0EEEE
:10E16000080AC4ED070A288900F1010028816878AF
:10E1700040073FD56889B04225D2687820F0040076
:10E180006870224A07F1040102F12002A2F12A007C
:10E19000F3F742F894ED010AD7ED010A30EE200AB8
:10E1A00084ED010A94ED020AD7ED020A30EE200A4E
:10E1B00084ED020A94ED030AD7ED030A30EE200A3B
:10E1C00084ED030A12E011D194ED010AC0EE080AB1
:10E1D000C4ED010A94ED020AC0EE080AC4ED020A79
:10E1E00094ED030AC0EE080AC4ED030A688900F141
:10E1F000010068812889B042FFF473AF6989B14298
:10E20000FAD3BDEC028BBDE8F0810000C8500020BD
:10E2100000803B45FC0000200B4C02E0012000F098
:10E220001BF820780028F9D0022208490848F7F79F
:10E2300041F96423012207490548F7F781F90120D4
:10E2400000F00AF8F5E70000E7010020F8000020E0
:10E25000180D0020ED01002010B5002800D101208C
:10E2600001F09EFB002010BD10B501F065FC002000
:10E2700010BD7FB504460D466169B4F90800002958
:10E2800010D0A16971B1FFF719FFD4E90521CDE9DB
:10E2900001210090D4E900102B46226902F028F8F1
:10E2A000039010E0FFF70AFF03A9CDE90001208ADF
:10E2B0002B4682B2D4E9001001F0E8FF012802D019
:10E2C000002004B070BD0398FBE70000002801D1D6
:10E2D0000648006808B134307047502080F3118838
:10E2E000BFF34F8FBFF36F8FFEE700002C000020BD
:10E2F0002DE9F05F03462DED048B0E461746642092
:10E300009FED658A654C664D002B02D0012B04D031
:10E3100006E0286995ED058A02E0A86995ED078A6F
:10E32000FFF79AFF18EE100AF2F7ECF941EC190B1F
:10E330005C484068F3F79AF9D4ED010A30EEC00A60
:10E3400010EE100AF2F7DEF941EC100BFBF7DCFAE5
:10E3500053EC192B51EC100BF2F7E8F942D218EEFE
:10E36000100AF2F7CFF941EC180B4F484068F3F769
:10E37000A1F9D4ED020A30EEC00A10EE100AF2F74D
:10E38000C1F941EC100BFBF7BFFA53EC182B51EC21
:10E39000100BF2F7CBF925D2A868401CA8600A2818
:10E3A00020D10024AC60414807704FF4FA70FFF7A9
:10E3B00053FF3F4A3F4976B1012E13D16C60DFF81D
:10E3C000F8803E4B4FF0020AD8F800704FF0030C73
:10E3D000012F0BD00FE0087808B910780870686832
:10E3E000401C6860BDEC048BBDE8F09F83F800C062
:10E3F000334880F800A0DFF8CCB00125DBF800003E
:10E40000012803D0022801D0032805D12E48056039
:10E4100008781070401C0870DFF8B090D9F80060E0
:10E42000701E052805D808781070401C0870284810
:10E4300005700878DFF89CE0B0FBFCF20CFB1202E0
:10E440000AB98EF80040B0FBFCF20CFB1202022A63
:10E4500001D18EF80050204A052802D182F800A090
:10E460000C7008780B2802D182F800C00C70072EBF
:10E4700001D105201870022F01D1082018706320E7
:10E48000C9F80000CBF80000C8F800001348047079
:10E4900013480470A6E700009A99993EFC510020A9
:10E4A000B8000020645200203C5200205D02002091
:10E4B0005902002058020020AC000020EB0100208F
:10E4C000E4010020B000002054020020A800002039
:10E4D0005B0200205C020020EC010020F400002020
:10E4E000F60000202DE9F04104460F46194EF5686C
:10E4F0003168002081F852003068001D01F01BF9DE
:10E5000038B9306890F82C10012088403169814377
:10E510003161601C07D137B13168BDE8F041091D98
:10E520000D4801F057B92C4430684460AC4206D223
:10E530003168B06B091DBDE8F04101F033B93168B5
:10E54000706B091D01F02EF9B06A844200D2B462EA
:10E55000BDE8F0812C000020B40F002070B5044607
:10E5600001F044F91C4DA868401CA860286810B14F
:10E57000686938B10CE02C60A868012808D100F067
:10E58000BDF905E02868E16AC06A884200D82C60BD
:10E59000686A401C6862E06A01212A69814011436F
:10E5A00029610E4900EB800001EB8000211D01F084
:10E5B00011F901F03BF9686900280CD02868E16A7C
:10E5C000C06A884207D206494FF080500860BFF306
:10E5D0004F8FBFF36F8F70BD2C000020D80E00202E
:10E5E00004ED00E038B501F001F9104C2068C8B91D
:10E5F0000F4801F0C9F80E48143001F0C5F80C4876
:10E60000E060143020610A4B0020C03B009003F111
:10E6100048020C210A2001F0C5FB206010B105A1C1
:10E6200001F088F9BDE8384001F000B96800002029
:10E6300088100020546D72510000000070B50C4D20
:10E640000C4E11E001F0D2F8F068C468201D01F012
:10E6500072F8A868401EA8606868401E686001F0F3
:10E66000E5F8204600F053F868680028EAD170BD4C
:10E670002C000020A00F002030B40B46026C002AB2
:10E680000CD0C1681144C1608468A14201D3016803
:10E69000C160C16830BC1846F1F744BE30BC704759
:10E6A0002DE9F041044617460026A56B226C002A8E
:10E6B00010D0C7B1E068F1F735FEE168206C091AA7
:10E6C000E1602268914202D2A168081AE060022F3C
:10E6D00016D017E02068A8B9A06801F0F7FE06463A
:10E6E0000020A0600EE06068F1F71CFE216C6068FD
:10E6F00008446060A168884204D32068606001E03B
:10E7000005B16D1E6D1CA5633046BDE8F08110B5E6
:10E71000044694F8510000280BD0012811D002289B
:10E7200014D0502080F31188BFF34F8FBFF36F8F49
:10E73000FEE7206B01F090F82046BDE8104001F0A4
:10E740008BB82046BDE8104001F086B810BD00002F
:10E750000749CA681168002904D00021016019B175
:10E76000002070470121F9E7D06800687047000079
:10E77000680000204FF470510F48420706D0C01DBA
:10E7800020F007000C49411AC1F570510B4A106086
:10E79000002353600144083921F00701183A116041
:10E7A0004B600B600B1A43600160406890605060E2
:10E7B0004FF0004050617047B010002094000020DE
:10E7C000074E4FF08054074DFFF738FF306801289F
:10E7D000FAD92C60BFF34F8FBFF36F8FF4E70000BF
:10E7E000D80E002004ED00E003460098002905D073
:10E7F0000260C3630164012101F00ABB0060F8E715
:10E800002DE9F05F8246DDE90A590C9C0E46174659
:10E810009B46B900A522206BF1F796FD206B7F1E69
:10E8200000EB870020F00707780707D0502080F31F
:10E830001188BFF34F8FBFF36F8FFEE74FF00008D3
:10E8400066B100202218315C82F83410315C11B1BD
:10E85000401C1028F6D384F8438001E084F834800B
:10E86000072D00D30625E5626564C4F84880201DA5
:10E8700000F095FF04F1180000F091FF2461C5F14C
:10E880000700A0616462C4F84C8084F8508084F86A
:10E8900052805A465146384600F040FC2060B9F19B
:10E8A000000F01D0C9F80040BDE8F09F2DE9F04706
:10E8B0000646DDE908940D4617469846002D15D00A
:10E8C000002C11D0FFF78EFE2660A561C4F81C80D5
:10E8D000C4F82090201D00F062FF002F04D014F82F
:10E8E000240F40F004002070BDE8F087502080F332
:10E8F0001188BFF34F8FBFF36F8FFEE770B5002411
:10E90000124D04EB840005EB800000F03DFF641C19
:10E91000072CF6D30D488C3000F036FF0B48A030A2
:10E9200000F032FF0948B43000F02EFF0748C8302D
:10E9300000F02AFF0548DC3000F026FF03490448B8
:10E940008C3141631431816370BD0000D80E00200A
:10E950002C00002030B5134900E011460A688242BD
:10E96000FBD34B685C18844203D14068184448606C
:10E9700008460D6844682318AB420DD1094B183B7B
:10E980001B689A4206D05268224442600A681268A4
:10E99000026002E0036000E00260814200D0086093
:10E9A00030BD00009400002070B50024416000617B
:10E9B0000C4D91420AD8D11A8269914201D30124A7
:10E9C0000EE0011D286900F0EDFE09E09A4203D235
:10E9D000994201D3012403E0011DE86800F0E2FE42
:10E9E000204670BD6800002010B5044600F0FEFE11
:10E9F000A06B20B1002400F019FF204610BD0124B7
:10EA0000F9E710B5044600F0F1FEA06BE16B884217
:10EA100001D1012400E0002400F008FF204610BDD1
:10EA2000F8B505460E461748C068C068C468201D82
:10EA300000F081FE94F82400410718D5A0692B4608
:10EA4000411932462046FFF7AFFFA0B10020034630
:10EA5000014600902A46204601F076FE58B9502023
:10EA600080F31188BFF34F8FBFF36F8FFEE720F065
:10EA7000010084F82400216A01B02046BDE8F0407E
:10EA8000084700006800002030B585B0394D67E0C8
:10EA90000298002864DB049C606910B1201D00F01E
:10EAA0004AFE01A800F0B0F8024602980A2857D2A0
:10EAB000DFE800F00505052D334A05052D3394F8F0
:10EAC000240040F0010084F824000398A169034663
:10EAD00001442046FFF768FF68B3216A2046884753
:10EAE00094F8240040073BD5002000900398A169CA
:10EAF000002342181946204601F026FED8B95020BE
:10EB000080F31188BFF34F8FBFF36F8FFEE714F8C8
:10EB1000240F20F00100207022E094F8240040F03F
:10EB2000010084F824000398A06128B181181346DD
:10EB30002046FFF739FF13E0502080F31188BFF320
:10EB40004F8FBFF36F8FFEE794F82400810703D443
:10EB5000204600F081FE03E020F0010084F824004C
:10EB6000002202A9286801F0ABFA002890D105B074
:10EB700030BD000068000020F8B506460D4601F0E3
:10EB800023F8684600F040F80446009810B101F000
:10EB900027FDF8BD45B9A64206D801F021FD214662
:10EBA0003046FFF73DFFF8BD0C481DB1016909680B
:10EBB00091B10025311B2A46006800F0CDFE01F01E
:10EBC0000FFD0028EFD106494FF080500860BFF3D9
:10EBD0004F8FBFF36F8FF8BD0125EBE76800002072
:10EBE00004ED00E00748416B0968002905D0416B3E
:10EBF000C968C9684968816270474FF0FF31816216
:10EC0000704700002C00002070B5054601F0F0FBB5
:10EC10000446074EB068844204D200F03FF8012059
:10EC2000286001E000202860B460204670BD00002C
:10EC3000680000202DE9F04100260268002A29D052
:10EC400042685268426000F10807BA4201D1536835
:10EC500043604268D2F80CC0426852684260BA42CF
:10EC600001D1536843604268D46800230022A5188C
:10EC700095F8345011F80280A84501D0012302E034
:10EC80000DB92646012313B9521C102AEFD30EB931
:10EC90006445E1D13046BDE8F0810000F8B51A4E78
:10ECA00020E0C0680568C468201D00F044FD216AAA
:10ECB0002046884794F82400400713D5A0692844CB
:10ECC000A84206D960602461211DF06800F06AFD49
:10ECD00008E000200346014600902A46204601F045
:10ECE00033FD40B1F06801680029DAD1F06831697C
:10ECF000F1603061F8BD502080F31188BFF34F8F71
:10ED0000BFF36F8FFEE700006800002009484068ED
:10ED1000401C07D0502080F31188BFF34F8FBFF302
:10ED20006F8FFEE7502080F31188BFF34F8FBFF342
:10ED30006F8FFEE79C00002008B56846FFF708FDCE
:10ED40000099FFF719FFFFF79FFEF6E72DE9F04165
:10ED5000044600F04BFD94F9455004F1240609E007
:10ED6000606A48B1304601F0FDFB08B100F048FE92
:10ED70006D1E6DB2002DF3DC4FF0FF3684F8456058
:10ED800000F054FD00F032FD94F9445004F11007F6
:10ED900009E0206948B1384601F0E4FB08B100F011
:10EDA0002FFE6D1E6DB2002DF3DC84F84460BDE8CB
:10EDB000F04100F03BBD00002DE9F05F82462DEDF3
:10EDC000028B4FF00109DFF848B2DFF848820427D0
:10EDD0009FED918A0024914D914EBAF1010F7CD1A3
:10EDE000CBF800908F499FED900A486840B1012808
:10EDF0001AD0022824D0032856D0042860D06CE012
:10EE00008A4880F800908A4804708A490220087075
:10EE1000B2EE041AF3EE0B0A00F01CFB00221146BE
:10EE20000120FFF765FA58E0B0EE481AF3EE040A45
:10EE300000F010FB002211460120FFF759FA4CE0C8
:10EE4000B0EE481AF3EE040A00F004FB3078012813
:10EE500002D003280CD016E034702F70FA20FFF790
:10EE6000FBF988F800402C70FA20FFF7F5F90AE06A
:10EE700034702F70FA20FFF7EFF988F800902C70AB
:10EE8000FA20FFF7E9F93078022804D134702C70A9
:10EE90009620FFF7E1F96848007802281DD1614803
:10EEA0004168491C416018E0B1EE041AF3EE090A0A
:10EEB00000F0D0FA002211460120FFF719FA0CE009
:10EEC000B0EE481AF3EE0A0AB3EE080A00F0C2FAEE
:10EED000012100220846FFF70BFABAF1020F7CD19C
:10EEE0000221CBF80010DFF83CB19FED540ADBF8AB
:10EEF0000400C0B101282CD0022839D0032877D0D3
:10EF0000042871D1B0EE481AF3EE0E0AB3EE080AE7
:10EF100000F0A0FABDEC028B0022BDE8F05F0121F9
:10EF20000846FFF7E5B9414880F800904048047072
:10EF300040480170B1EE041AF3EE0B0A00F08AFAB1
:10EF4000BDEC028B0022BDE8F05F11460120FFF707
:10EF5000CFB9B0EE481AF3EE050A00F07BFABDEC2B
:10EF6000028B0022BDE8F05F11460120FFF7C0B917
:10EF7000DFF8C4A006208AF80000B0EE481AF3EECD
:10EF8000050A00F067FA3078012802D003280CD077
:10EF900016E034702F70FA20FFF75EF988F8004011
:10EFA0002C70FA20FFF758F90AE034702F70FA201D
:10EFB000FFF752F988F800902C70FA20FFF74CF90F
:10EFC0003078022804D134702C709620FFF744F971
:10EFD0009AF80000092807D101E005E008E0DBF815
:10EFE0000400401CCBF80400BDEC028BBDE8F09F90
:10EFF000B1EE041AF3EE0B0A00F02CFABDEC028B12
:10F000000022BDE8F05F11460120FFF771B9000052
:10F01000AC0000205F020020000000005D02002024
:10F02000F4000020B800002000001C426002002014
:10F030005E02002061020020EB0100200000184267
:10F040002DE9F0410546002600F0BEFD324F38683C
:10F0500008B9FFF78FFB786905424DD18DB10835AE
:10F0600068070ED005F00700C0F1080005446807E6
:10F0700007D0502080F31188BFF34F8FBFF36F8FFD
:10F08000FEE7CDB37868854236D823491831084663
:10F09000046801E0214604466068A84202D2206864
:10F0A0000028F7D13868844226D00E6808362068D8
:10F0B00008606068411B10290ED96019420707D00B
:10F0C000502080F31188BFF34F8FBFF36F8FFEE79F
:10F0D00041606560FFF73EFC61687868401A7860BF
:10F0E000BA68904200D2B86078690143616000203C
:10F0F0002060F868401CF86001F072FA700707D0D1
:10F10000502080F31188BFF34F8FBFF36F8FFEE75E
:10F110003046BDE8F08100007C00002024384FF02C
:10F120008073036221F00101C16104498161426081
:10F130006FF0020140F82019704700000DED000843
:10F1400010B52DED028B04469FED1D0AB0EE408AEE
:10F15000D4ED000A60EEA00A94ED011AD4ED011A74
:10F1600041EE210A94ED021AD4ED021A41EE210A71
:10F1700094ED031AD4ED031A41EE210AB0EE600AB1
:10F18000F1F7DCFDB0EE408A94ED000A20EE080AAB
:10F1900084ED000A94ED010A20EE080A84ED010ACC
:10F1A00094ED020A20EE080A84ED020A94ED030AA7
:10F1B00020EE080A84ED030ABDEC028B10BD0000AE
:10F1C0000000000010B504462DED068BB0EE408A1D
:10F1D000B0EE60AAD4ED008AF4EE488AF1EE10FA9F
:10F1E0001CD0F2EE040A8AEE200A10EE100AF1F7A3
:10F1F00089FA38EE680A41EC190B10EE100AF1F7A3
:10F2000081FA41EC100BFAF77FFB53EC192B51EC10
:10F21000100BF1F78BFA04D284ED008ABDEC068B5B
:10F2200010BD94ED000A78EE400AF5EEC00AF1EE4A
:10F2300010FA02DDF7EE000A01E0FFEE000A0AEE26
:10F24000200A84ED000AE9E710B504462DED068B8F
:10F25000B0EE408AB0EE60AAD4ED008AF4EE488A9F
:10F26000F1EE10FA1CD0F2EE040A8AEE200A10EE3B
:10F27000100AF1F747FA38EE680A41EC190B10EE64
:10F28000100AF1F73FFA41EC100BFAF73DFB53EC93
:10F29000192B51EC100BF1F749FA04D284ED008AD6
:10F2A000BDEC068B10BD94ED000A78EE400AF5EE39
:10F2B000C00AF1EE10FA02DDF7EE000A01E0FFEEFF
:10F2C000000A0AEE200A84ED000AE9E710B52DEDE8
:10F2D000068BB0EE40AAF0EE41AA30EEE10A10EE45
:10F2E000100AF1F70FFA9FED189B41EC100BB0EEEE
:10F2F000491AF0EE691AFAF713FBB0EE408A3AEEBB
:10F300006A0AF0EE608A10EE100AF1F7FBF941ECA0
:10F31000100BB0EE491AF0EE691AFAF701FB53EC44
:10F32000182B51EC100BF1F728F841EC100B9FED66
:10F33000081BFAF7F5FA51EC100BF1F727FABDECC0
:10F34000068B00EE100A10BD000000000000004017
:10F35000000000000000E03F9FED050A0349022085
:10F36000B0EE401AF0EE400AFDF7A4B8C04C002001
:10F370000000000002492422A1F12400F7F7DCBAC2
:10F38000EA540020DFED040A9FED041A60EE200A23
:10F3900080EE810A7047000000003443D00F4940DE
:10F3A000F0B5002855D0002953D00278437842EABE
:10F3B0000322C2F30A050D8042788378D20842EA1C
:10F3C0004312C2F30A034B808278C478920942EA5E
:10F3D0008402047942EA8422C2F30A028A80047910
:10F3E0004679640844EAC614C4F30A04CC8046791A
:10F3F000C6F301168E724679B609CE728679C77940
:10F4000046EA07268E81067A477A46EA0726CE81A3
:10F41000867AC77A46EA07260E82067B8E74467B7A
:10F42000CE74867BC77B46EA07268E82067C407CAC
:10F4300046EA0020A5F580650D80A3F580634B802A
:10F44000A2F580628A80A4F58064CC80A0F58060FB
:10F450000881F0BD044880ED000A0448C0ED000AB0
:10F46000034880ED001A70478402002088020020C3
:10F470008C02002001490020FDF71CB8C04C002080
:10F4800000B52DED048B83B041EC190BF1F755FA63
:10F4900041EC180B18EE100A18EE901A8DED008B47
:10F4A000002818BF0120084320F00040C0F17F6011
:10F4B00000F1E040C00F14D019EE101A19EE900AB6
:10F4C0008DED009B002918BF0121084320F000406A
:10F4D000C0F17F6000F1E040C00F04BF0120FBF7E6
:10F4E00035FD51EC180B03B0BDEC048B00BD10B51D
:10F4F00000EE100A2DED028BB1EEC08A18EE100A54
:10F5000020F00040C0F1FF40C00F0AD010EE100AFA
:10F5100020F00040C0F1FF40C00F04BF0120FBF706
:10F5200015FD18EE100ABDEC028B10BD10B52DEDC7
:10F530000A8BB0EE408AF0EE608AB0EE41BA38EE47
:10F54000280AB4EECB0AF1EE10FA16D91BEE100A17
:10F55000F1F7D8F838EE680A41EC190B10EE100AF2
:10F56000F1F7D0F841EC100BFAF7CEF953EC192B68
:10F5700051EC100BF1F7F2F804D89FED290ABDEC1D
:10F580000A8B10BDB0EE000A28EE000A20EE280A11
:10F5900010EE100AF1F7B6F841EC1A0B1BEE100A48
:10F5A000F1F7B0F89FED1FCB41EC100BB0EE4C1A09
:10F5B000F0EE6C1AFAF7B4F9B0EE409AF0EE609AF9
:10F5C00018EE900AF1F79EF841EC100BB0EE4C1AD1
:10F5D000F0EE6C1AFAF7A4F9B0EE40BAF0EE60BAA9
:10F5E00018EE100AF1F78EF841EC100BB0EE4C1A41
:10F5F000F0EE6C1AFAF794F953EC1B2B51EC100B4C
:10F60000F0F7BBFE53EC192BF0F758FF53EC1A2B15
:10F61000F0F7CCFFF1F7BAF800EE100AAFE7000000
:10F620000080B443000000000000004070EEC00AFB
:10F6300001EE100A01208840B8EEC11A401E21EEEA
:10F64000201A00EE900AF8EEE01AC1EE210A30EE20
:10F65000800A704770B506460C4600F0C7F8154D95
:10F660002868C06C80B92A68012082F850005CB11B
:10F6700001212046FEF736FF0F494FF08050086009
:10F68000BFF34F8FBFF36F8F00F0D0F800F0AEF8EC
:10F690002868C46C002034B116B12968C86402E03F
:10F6A0002A68611ED164296881F8500000F0BEF814
:10F6B000204670BD2C00002004ED00E091ED000A12
:10F6C000B1EE400A80ED010A91ED010AB1EE400A67
:10F6D00080ED020A91ED020AB1EE400A80ED030AC4
:10F6E00091ED000A80ED040A91ED020A80ED060A10
:10F6F00091ED010AB1EE400A80ED070A91ED010A91
:10F7000080ED080A91ED020AB1EE400A80ED090A87
:10F7100091ED000A80ED0B0A91ED020A80ED0C0AD2
:10F7200091ED010A80ED0D0A91ED000AB1EE400A5B
:10F7300080ED0E0A70470169D0E901329A60D0E984
:10F7400001235A604A68824201D182684A600022DD
:10F7500002610868401E086008687047034B036038
:10F7600003F154000860802010607047C802002038
:10F77000044B036003F1540008604FF48070106084
:10F78000704700001C05002000F1080141604FF0A7
:10F79000FF328260C1600161002101607047002179
:10F7A0000161704730B50C68621C02D000F108029C
:10F7B00002E0026904E01A4653681D68A542FAD9BE
:10F7C00053684B6099608A60516008610168491C08
:10F7D000016030BD42684A6093688B6093685960ED
:10F7E000916008610168491C01607047502080F3F6
:10F7F0001188BFF34F8FBFF36F8F0A494868401CD1
:10F80000486001280CD10848006810F0FF0F07D0AD
:10F81000502080F31188BFF34F8FBFF36F8FFEE747
:10F82000704700009C00002004ED00E00949486892
:10F83000002806D0401E4860002801D180F31188BE
:10F840007047502080F31188BFF34F8FBFF36F8F45
:10F85000FEE700009C00002070B500282AD0083880
:10F860000446154D60686969084207D1502080F34D
:10F870001188BFF34F8FBFF36F8FFEE722683AB155
:10F88000502080F31188BFF34F8FBFF36F8FFEE7D7
:10F890008843606000F098F96068696808446860AF
:10F8A0002046FFF757F82869401C2861BDE87040E2
:10F8B00000F096BE70BD00007C0000204FF0E020FC
:10F8C00000210161816105494FF47A720968B1FB39
:10F8D000F2F1491E416107210161704728000020B3
:10F8E00010B5F0F7B7FC114910280ED300F1E02055
:10F8F00090F8F0030A78904207D2502080F31188E4
:10F90000BFF34F8FBFF36F8FFEE709480068896828
:10F9100000F4E060884207D9502080F31188BFF3DB
:10F920004F8FBFF36F8FFEE710BD00009C000020DB
:10F930000CED00E010B50022064B53F832401CB12C
:10F94000521C082AF9D310BD43F8321003EBC20150
:10F95000486010BD980E002070B504460D4616464E
:10F96000FFF744FF94F944304FF000005B1C01D1D5
:10F9700084F8440094F94510491C01D184F84500ED
:10F98000FFF754FFA06B28B93246294604F1240042
:10F9900000F0B4F82046BDE87040FFF7D7B900008A
:10F9A00010B502460020002A12D00F48006B38B173
:10F9B000502080F31188BFF34F8FBFF36F8FFEE7A6
:10F9C00000F002F900211046FEF78CFD00F008FE61
:10F9D000002807D105494FF080500860BFF34F8FD2
:10F9E000BFF36F8F10BD00002C00002004ED00E07D
:10F9F00002490A6A0260C968416070472C00002011
:10FA000001490120C86170472C0000202DE9F04118
:10FA100004468846002C15D0FFF762FF5020EFF314
:10FA2000118780F31188BFF34F8FBFF36F8F94F866
:10FA30005000022184F85010E16C491CE164012857
:10FA400008D025E0502080F31188BFF34F8FBFF31B
:10FA50006F8FFEE7A06A38B1502080F31188BFF3A2
:10FA60004F8FBFF36F8FFEE7154D286B012698B1BE
:10FA700004F118011348FFF7ADFEE06A2968C96A6E
:10FA8000884205D9B8F1000F01D0C8F80060EE61D6
:10FA900087F31188BDE8F081201DFFF74CFEE06A76
:10FAA0002A6906FA00F111432961064900EB80003A
:10FAB000B43901EB8000211DFFF78CFEDDE700006B
:10FAC0002C0000208C0F002010B50C4600280AD016
:10FAD000094909681831FFF765FE2046BDE8104066
:10FAE0000121FEF7FFBC502080F31188BFF34F8F38
:10FAF000BFF36F8FFEE700002C00002070B50D46AD
:10FB0000144600280DD00B4909681831FFF762FE32
:10FB10000CB14FF0FF3521462846BDE87040FEF796
:10FB2000E1BC502080F31188BFF34F8FBFF36F8F7C
:10FB3000FEE700002C00002030B587B000250695B8
:10FB4000059504AA05A906A8FFF708FEDDE905103A
:10FB5000CDE900510290002317A11948049A00F042
:10FB6000C7FB184CE06208B1012000E0002001282A
:10FB700001D100F0B5FD012809D0401C19D1502059
:10FB800080F31188BFF34F8FBFF36F8FFEE75020D4
:10FB900080F31188BFF34F8FBFF36F8F4FF0FF30AB
:10FBA000A06201206061E56007B0BDE8304000F070
:10FBB0007FB807B030BD000049444C45000000004C
:10FBC000C1E700082C0000200248016B491C0163BA
:10FBD000704700002C000020154A106B002802D04E
:10FBE0000120D06170470020D0611069B0FA80F028
:10FBF000C0F11F000F4900EB800051F8203073B1B5
:10FC000001EB800041684968416000F108039942B6
:10FC100001D1496841604068C06810607047502059
:10FC200080F31188BFF34F8FBFF36F8FFEE70000A3
:10FC30002C000020D80E002010B516481649007878
:10FC400001280DD115480068022809D10868401C18
:10FC5000086040F6B832904202DD114A022010706E
:10FC6000104800220088012801D0032800D10A6032
:10FC70000D480378012B02D14B685B1C4B604B682D
:10FC8000B3F5FA7F04DD094C052323704A60027046
:10FC900010BD0000AC000020EC000020BC000020E3
:10FCA000EB010020F400002061020020E4010020AC
:10FCB0001CB537480168374A914207D1502080F37C
:10FCC0001188BFF34F8FBFF36F8FFEE70068314994
:10FCD000491E884207D1502080F31188BFF34F8F0F
:10FCE000BFF36F8FFEE72C4908780190FF20087062
:10FCF000087800909DF800009DF8002000F0F000CA
:10FD0000904207D0502080F31188BFF34F8FBFF38C
:10FD10006F8FFEE79DF80000204C00F0500020702F
:10FD20000720A06006E0A068401EA0609DF80000CB
:10FD3000400000909DF800000006F4D4A06803285D
:10FD400007D0502080F31188BFF34F8FBFF36F8F20
:10FD5000FEE74FF44070A060019808700C48203016
:10FD6000016841F470010160016841F07041016077
:10FD7000FFF7A4FD00206060F0F734FA084801683E
:10FD800041F040410160F0F719FA00201CBD00006D
:10FD900000ED00E071C20F4100E400E09C00002093
:10FDA00034EF00E038B5049D002804D05BB102B107
:10FDB00089B1C2B120E0502080F31188BFF34F8F8A
:10FDC000BFF36F8FFEE7502080F31188BFF34F8F92
:10FDD000BFF36F8FFEE7502080F31188BFF34F8F82
:10FDE000BFF36F8FFEE739B1502080F31188BFF366
:10FDF0004F8FBFF36F8FFEE7482400941C4601230A
:10FE000084F846302B460094FEF7EEFC204638BDC1
:10FE100070B504460D46002C25D0FFF7E7FCD4E969
:10FE20000F20216802FB0011A1600021A16321685D
:10FE30006160E06B2268216C401E00FB0121E160E3
:10FE40004FF0FF3084F8440084F8450004F11000BE
:10FE50008DB1FFF799FC04F12400FFF795FCFFF743
:10FE6000E5FC012070BD502080F31188BFF34F8F57
:10FE7000BFF36F8FFEE721690029F0D000F072FB1D
:10FE80000028ECD004494FF080500860BFF34F8F3A
:10FE9000BFF36F8FE3E7000004ED00E02DE9FF47BB
:10FEA00082B004468A461E460025002C03D0BAF1D3
:10FEB000000F08D011E0502080F31188BFF34F8F5E
:10FEC000BFF36F8FFEE7206C38B1502080F31188AC
:10FED000BFF34F8FBFF36F8FFEE7022E0AD1E06BA7
:10FEE000012807D0502080F31188BFF34F8FBFF354
:10FEF0006F8FFEE700F06EFA48B9049838B15020D1
:10FF000080F31188BFF34F8FBFF36F8FFEE74FF081
:10FF100000094FF08057DFF8E480FFF767FCA06B23
:10FF2000E16B884205D3022E03D0049808B325B3B1
:10FF300027E0324651462046FEF7B2FB616A59B1CE
:10FF400004F1240000F00EFB68B1C8F80070BFF3A4
:10FF50004F8FBFF36F8F06E028B1C8F80070BFF372
:10FF60004F8FBFF36F8FFFF761FC012006B0BDE834
:10FF7000F087FFF75BFC0020F8E76846FFF738FDE5
:10FF80000125FFF753FCFFF71FFEFFF72FFC94F945
:10FF90004400401C01D184F8449094F94500401C71
:10FFA00001D184F84590FFF741FC04A9684600F0B0
:10FFB00025F930B12046FEF7C9FE00F011FB002004
:10FFC000D4E72046FEF71DFD90B104F1100004991E
:10FFD000FFF77AFD2046FEF7B9FE00F001FB00288E
:10FFE0009BD1C8F80070BFF34F8FBFF36F8F94E7BA
:10FFF0002046FEF7ABFE00F0F3FA8EE704ED00E0DA
:020000040801F1
:100000002DE9F0470446894690461F46002C03D050
:10001000B9F1000F08D011E0502080F31188BFF330
:100020004F8FBFF36F8FFEE7206C38B1502080F305
:100030001188BFF34F8FBFF36F8FFEE7022F0AD1F6
:10004000E06B012807D0502080F31188BFF34F8F59
:10005000BFF36F8FFEE7FFF743FC5020EFF31186ED
:1000600080F31188BFF34F8FBFF36F8FA06BE16BED
:10007000884206D3022F04D0002086F31188BDE801
:10008000F08794F94550A06B3A4649462046FEF762
:1000900007FB681C04D06D1C84F845500120ECE778
:1000A000606A0028FAD004F1240000F05BFA00280E
:1000B000F4D0B8F1000FF1D00120C8F80000EDE74E
:1000C0002DE9F74783B004468A460026002C03D06A
:1000D000BAF1000F08D011E0502080F31188BFF36F
:1000E0004F8FBFF36F8FFEE7206C38B1502080F345
:1000F0001188BFF34F8FBFF36F8FFEE700F06AF9EF
:1001000048B9059838B1502080F31188BFF34F8F5C
:10011000BFF36F8FFEE700274FF08058DFF8D890CD
:10012000FFF764FBA56BC5B151462046FEF7A4FA64
:100130006D1EA563206950B104F1100000F012FAA1
:1001400028B1C9F80080BFF34F8FBFF36F8FFFF75F
:100150006DFB012006B0BDE8F087059808B126B117
:1001600007E0FFF763FB0020F4E701A8FFF740FC7E
:100170000126FFF75BFBFFF727FDFFF737FB94F93D
:100180004400401C01D184F8447094F94500401C9F
:1001900001D184F84570FFF749FB05A901A800F0DB
:1001A0002DF858B12046FEF7D1FD00F019FA20468F
:1001B000FEF71AFC0028B3D00020CBE72046FEF75C
:1001C00013FC90B104F124000599FFF77DFC204653
:1001D000FEF7BCFD00F004FA0028A1D1C9F80080A8
:1001E000BFF34F8FBFF36F8F9AE72046FEF7AEFD48
:1001F00000F0F6F994E7000004ED00E02DE9F0418D
:1002000005460C46002D11D0C4B1FFF7EFFA1E4E83
:10021000F1686B68CA1A30684FF0000C90F8520011
:10022000A0B1306880F852C0012428E0502080F34B
:100230001188BFF34F8FBFF36F8FFEE7502080F31D
:100240001188BFF34F8FBFF36F8FFEE72068471C05
:1002500007D02F68366AB74205D08B4203D80124F5
:100260000DE000240BE0904206D9801A2060284659
:10027000FFF7BEFB002402E0C4F800C00124FFF732
:10028000D5FA2046BDE8F0812C0000202DE9FF5F63
:100290008146DDE90E788A4616469B46B000FEF799
:1002A000CFFE054628000AD05420FEF7C9FE0446BA
:1002B0000CB1256304E02846FFF7CEFA00E00024E5
:1002C0009CB1002084F85100CDE90240CDE90078CE
:1002D0005B46324651464846FEF792FA2046FEF704
:1002E0003DF9012004B0BDE8F09F4FF0FF30F9E781
:1002F000F0B585B00746DDE90A600C9C002815D0F2
:10030000E4B1542503952063022084F851000020B5
:1003100004ADCDE90240CDE900653846FEF770FA3C
:100320002046FEF71BF9049805B0F0BD502080F37D
:100330001188BFF34F8FBFF36F8FFEE7502080F31C
:100340001188BFF34F8FBFF36F8FFEE72DE9F041A8
:10035000074607253846F0F709F8102807D350203C
:1003600080F31188BFF34F8FBFF36F8FFEE7FFF766
:100370002BFC164E6D1E05EB850006EB8000394602
:10038000FEF758FC04460CB9002DF3D1104D24B9EA
:100390003946686BFEF74EFC044624B93946A86B13
:1003A000FEF748FC04462CB908483946DC30FEF715
:1003B00041FC04462CB905483946C830FEF73AFCE2
:1003C000044600F00DF92046BDE8F081D80E00206B
:1003D0002C00002005484169002903D0006B18B1AA
:1003E0000020704701207047022070472C00002039
:1003F0000148C068704700002C0000202DE9F04142
:100400000026304F386B002805D0B869401CB86111
:100410003046BDE8F081FD686D1CFD609DB9786BCC
:10042000006838B1502080F31188BFF34F8FBFF3BD
:100430006F8FFEE7786BB96B7963B863386A401CDD
:100440003862FEF7CFFBB86ADFF87C8085420DD3B7
:10045000786B006838B1786BC068C46860688542A2
:1004600012D2B86202E04FF0FF30B8623868C06A5A
:1004700000EB800058F82000012800D90126F86917
:100480000028C5D00126C3E7201DFFF754F9A06A54
:1004900018B104F11800FFF74EF9E06A01213A693A
:1004A00081401143396100EB800008EB8000211D81
:1004B000FFF790F9E06A3968C96A8842C8D3012613
:1004C000C6E700002C000020D80E002070B50446BE
:1004D0000020002C41D0214D29688C4207D05020AB
:1004E00080F31188BFF34F8FBFF36F8FFEE7A16CCE
:1004F00071B1491EA164636CE26A9A422DD0002951
:100500002BD1201DFFF717F9154A012140B112E048
:10051000502080F31188BFF34F8FBFF36F8FFEE73A
:10052000E06A00EB800352F8233023B901FA00F3AC
:10053000286998432861606CE062C0F10700A061FF
:10054000E06A2B6981401943296100EB800002EBCE
:100550008000211DFFF73EF9012070BD2C00002016
:10056000D80E00202DE9F041C068C468002C15D0D9
:1005700004F118000746FFF7DEF8174D2A6B012635
:10058000A2B139461548FFF725F9E06A2968C96A1A
:1005900088421ED90120EE61BDE8F081502080F331
:1005A0001188BFF34F8FBFF36F8FFEE7201DFFF75A
:1005B000C2F8E06A2A6906FA00F111432961074985
:1005C00000EB8000B43901EB8000211DFFF702F938
:1005D000DBE70020E0E700002C0000208C0F00206B
:1005E0002DE9F041002400272D4D286B002807D06D
:1005F000FFF7FCF8286B401E2863286B40B14AE0E7
:10060000502080F31188BFF34F8FBFF36F8FFEE749
:10061000A868E8B3DFF88C8001261EE0D8F80C004B
:10062000C46804F11800FFF786F8201DFFF783F86F
:10063000E06A2A6906FA00F111432961194900EBC1
:100640008000B43901EB8000211DFFF7C3F8E06A98
:100650002968C96A884200D3EE61D8F800000028F2
:10066000DCD10CB1FEF7BEFAAC6944B1FFF7C6FEAF
:1006700000B1EE61641E002CF8D10020A861E86989
:1006800030B10127084938070860BFF34F8F00E0F9
:1006900001E0BFF36F8FFFF7C9F83846BDE8F0817E
:1006A0002C0000208C0F002004ED00E02DE9FC4719
:1006B00006460A9D0F46904699462820FEF7C0FC44
:1006C000044654B1002084F82400CDE900544B4680
:1006D000424639463046FEF7E9F82046BDE8FC8739
:1006E00030B587B00024FDF77DFF134D2868B0B109
:1006F00000200690059004AA05A906A8FFF738F87F
:10070000DDE905100222CDE90021029000230BA1B2
:100710000C48049AFFF7ECFD686000B1012414B1A5
:1007200007B0204630BD502080F31188BFF34F8FB3
:10073000BFF36F8FFEE7000068000020546D722049
:100740005376630039ED0008FEB50646089F9C46C7
:100750000020002E13D0154D2C68002C0ED00091D7
:1007600001920296062919DAFFF734FE02280ED00C
:1007700000231A4669462868FFF790FBFEBD50200B
:1007800080F31188BFF34F8FBFF36F8FFEE7002315
:100790003A4669462868FFF781FBFEBD00236246A2
:1007A00069462046FFF72CFCFEBD000068000020D3
:1007B00088130108855C00080200000000000000AA
:1007C0000002000000000000000000009413010877
:1007D000991500080200000000000000000200005F
:1007E0000000000000000000A41301084D210008D3
:1007F0000000000000000000800000000000000079
:1008000000000000B413010815DE0008020000001B
:100810000000000080000000000000000000000058
:10082000CC130108C90F00080100000000000000FF
:10083000000200000000000000000000C0130108DA
:1008400019E2000802000000000000008000000023
:100850000000000000000000000610160006101640
:100860000000000000000000010203040607080960
:1008700000000000010203040000C844CDCC4C3E3F
:100880000000000040AC037D04014103057C000230
:100890006D0D026D09020B080141090242C0030AF5
:1008A0000B04000000A08C460000964300000000EE
:1008B000000020400AD7233C000000000000404117
:1008C0000000000000002041000040410000000046
:1008D0000000A042000000400AD7233C0000204155
:1008E00000000000920E493CB10AC93C2BC3163DE2
:1008F0002EFB483D752B7B3D04A9963D80B6AF3D50
:1009000036BDC83D2FBCE13D73B2FA3D87CF093EED
:100910008340163EB5AB223EA2102F3ECF6E3B3E2B
:10092000C2C5473E0115543E135C603E7F9A6C3E43
:10093000CCCF783EC07D823E938E883E229A8E3EFA
:1009400032A0943E86A09A3EE59AA03E128FA63E23
:10095000D47CAC3EEF63B23E2A44B83E491DBE3E55
:1009600015EFC33E53B9C93ECA7BCF3E4136D53E93
:1009700080E8DA3E4F92E03E7533E63EBBCBEB3E7D
:10098000EA5AF13ECBE0F63E275DFC3EE4E7003F4D
:100990003D9C033F824B063F9BF5083F6B9A0B3F04
:1009A000DA390E3FCDD3103F2A68133FD9F6153FF1
:1009B000C07F183FC6021B3FD17F1D3FCBF61F3FB4
:1009C0009967223F25D2243F5636273F1594293F69
:1009D0004AEB2B3FDE3B2E3FBB85303FC9C8323F41
:1009E000F304353F233A373F4268393F3B8F3B3F63
:1009F000F9AE3D3F67C73F3F70D8413F01E2433FFB
:100A000003E4453F65DE473F12D1493FF8BB4B3F0A
:100A1000029F4D3F207A4F3F3D4D513F4918533F74
:100A200031DB543FE595563F5348583F6AF2593FF2
:100A30001A945B3F532D5D3F05BE5E3F2146603FEC
:100A400097C5613F5A3C633F59AA643F880F663F90
:100A5000D86B673F3CBF683FA7096A3F0C4B6B3FB1
:100A60005E836C3F93B26D3F9ED86E3F73F56F3FD0
:100A70000809713F5213723F4714733FDD0B743FF7
:100A80000BFA743FC6DE753F07BA763FC58B773FDA
:100A9000F853783F9812793F9DC7793F02737A3FA8
:100AA000BE147B3FCDAC7B3F283B7C3FC9BF7C3F26
:100AB000AC3A7D3FCCAB7D3F23137E3FB0707E3F91
:100AC0006DC47E3F580E7F3F6D4E7F3FAB847F3FAE
:100AD0000FB17F3F97D37F3F43EC7F3F11FB7F3FB9
:100AE0000000803F11FB7F3F43EC7F3F97D37F3F68
:100AF0000FB17F3FAB847F3F6D4E7F3F580E7F3FEE
:100B00006DC47E3FB0707E3F23137E3FCCAB7D3FF4
:100B1000AC3A7D3FC9BF7C3F283B7C3FCDAC7B3F9F
:100B2000BE147B3F02737A3F9DC7793F9812793F8D
:100B3000F853783FC58B773F07BA763FC6DE753FDF
:100B40000BFA743FDD0B743F4714733F5213723F2F
:100B50000809713F73F56F3F9ED86E3F93B26D3FAA
:100B60005E836C3F0C4B6B3FA7096A3F3CBF683FFD
:100B7000D86B673F880F663F59AA643F5A3C633F72
:100B800097C5613F2146603F05BE5E3F532D5D3FE7
:100B90001A945B3F6AF2593F5348583FE595563FD8
:100BA00031DB543F4918533F3D4D513F207A4F3F71
:100BB000029F4D3FF8BB4B3F12D1493F65DE473F97
:100BC00003E4453F01E2433F70D8413F67C73F3FE1
:100BD000F9AE3D3F3B8F3B3F4268393F233A373FB9
:100BE000F304353FC9C8323FBB85303FDE3B2E3F63
:100BF0004AEB2B3F1594293F5636273F25D2243FF9
:100C00009967223FCBF61F3FD17F1D3FC6021B3F96
:100C1000C07F183FD9F6153F2A68133FCDD3103F48
:100C2000DA390E3F6B9A0B3F9BF5083F824B063F2C
:100C30003D9C033FE4E7003F275DFC3ECBE0F63EF2
:100C4000EA5AF13EBBCBEB3E7533E63E4F92E03EB7
:100C500080E8DA3E4136D53ECA7BCF3E53B9C93E25
:100C600015EFC33E491DBE3E2A44B83EEF63B23E77
:100C7000D47CAC3E128FA63EE59AA03E86A09A3E5A
:100C800032A0943E229A8E3E938E883EC07D823E54
:100C9000CCCF783E7F9A6C3E135C603E0115543E8B
:100CA000C2C5473ECF6E3B3EA2102F3EB5AB223EA3
:100CB0008340163E87CF093E73B2FA3D2FBCE13D1B
:100CC00036BDC83D80B6AF3D04A9963D752B7B3D32
:100CD0002EFB483D2BC3163DB10AC93C920E493C40
:100CE00000000000920E49BCB10AC9BC2BC316BD5E
:100CF0002EFB48BD752B7BBD04A996BD80B6AFBD4C
:100D000036BDC8BD2FBCE1BD73B2FABD87CF09BEE9
:100D1000834016BEB5AB22BEA2102FBECF6E3BBE27
:100D2000C2C547BE011554BE135C60BE7F9A6CBE3F
:100D3000CCCF78BEC07D82BE938E88BE229A8EBEF6
:100D400032A094BE86A09ABEE59AA0BE128FA6BE1F
:100D5000D47CACBEEF63B2BE2A44B8BE491DBEBE51
:100D600015EFC3BE53B9C9BECA7BCFBE4136D5BE8F
:100D700080E8DABE4F92E0BE7533E6BEBBCBEBBE79
:100D8000EA5AF1BECBE0F6BE275DFCBEE4E700BF49
:100D90003D9C03BF824B06BF9BF508BF6B9A0BBF00
:100DA000DA390EBFCDD310BF2A6813BFD9F615BFED
:100DB000C07F18BFC6021BBFD17F1DBFCBF61FBFB0
:100DC000996722BF25D224BF563627BF159429BF65
:100DD0004AEB2BBFDE3B2EBFBB8530BFC9C832BF3D
:100DE000F30435BF233A37BF426839BF3B8F3BBF5F
:100DF000F9AE3DBF67C73FBF70D841BF01E243BFF7
:100E000003E445BF65DE47BF12D149BFF8BB4BBF06
:100E1000029F4DBF207A4FBF3D4D51BF491853BF70
:100E200031DB54BFE59556BF534858BF6AF259BFEE
:100E30001A945BBF532D5DBF05BE5EBF214660BFE8
:100E400097C561BF5A3C63BF59AA64BF880F66BF8C
:100E5000D86B67BF3CBF68BFA7096ABF0C4B6BBFAD
:100E60005E836CBF93B26DBF9ED86EBF73F56FBFCC
:100E7000080971BF521372BF471473BFDD0B74BFF3
:100E80000BFA74BFC6DE75BF07BA76BFC58B77BFD6
:100E9000F85378BF981279BF9DC779BF02737ABFA4
:100EA000BE147BBFCDAC7BBF283B7CBFC9BF7CBF22
:100EB000AC3A7DBFCCAB7DBF23137EBFB0707EBF8D
:100EC0006DC47EBF580E7FBF6D4E7FBFAB847FBFAA
:100ED0000FB17FBF97D37FBF43EC7FBF11FB7FBFB5
:100EE000000080BF11FB7FBF43EC7FBF97D37FBF64
:100EF0000FB17FBFAB847FBF6D4E7FBF580E7FBFEA
:100F00006DC47EBFB0707EBF23137EBFCCAB7DBFF0
:100F1000AC3A7DBFC9BF7CBF283B7CBFCDAC7BBF9B
:100F2000BE147BBF02737ABF9DC779BF981279BF89
:100F3000F85378BFC58B77BF07BA76BFC6DE75BFDB
:100F40000BFA74BFDD0B74BF471473BF521372BF2B
:100F5000080971BF73F56FBF9ED86EBF93B26DBFA6
:100F60005E836CBF0C4B6BBFA7096ABF3CBF68BFF9
:100F7000D86B67BF880F66BF59AA64BF5A3C63BF6E
:100F800097C561BF214660BF05BE5EBF532D5DBFE3
:100F90001A945BBF6AF259BF534858BFE59556BFD4
:100FA00031DB54BF491853BF3D4D51BF207A4FBF6D
:100FB000029F4DBFF8BB4BBF12D149BF65DE47BF93
:100FC00003E445BF01E243BF70D841BF67C73FBFDD
:100FD000F9AE3DBF3B8F3BBF426839BF233A37BFB5
:100FE000F30435BFC9C832BFBB8530BFDE3B2EBF5F
:100FF0004AEB2BBF159429BF563627BF25D224BFF5
:10100000996722BFCBF61FBFD17F1DBFC6021BBF92
:10101000C07F18BFD9F615BF2A6813BFCDD310BF44
:10102000DA390EBF6B9A0BBF9BF508BF824B06BF28
:101030003D9C03BFE4E700BF275DFCBECBE0F6BEEE
:10104000EA5AF1BEBBCBEBBE7533E6BE4F92E0BEB3
:1010500080E8DABE4136D5BECA7BCFBE53B9C9BE21
:1010600015EFC3BE491DBEBE2A44B8BEEF63B2BE73
:10107000D47CACBE128FA6BEE59AA0BE86A09ABE56
:1010800032A094BE229A8EBE938E88BEC07D82BE50
:10109000CCCF78BE7F9A6CBE135C60BE011554BE87
:1010A000C2C547BECF6E3BBEA2102FBEB5AB22BE9F
:1010B000834016BE87CF09BE73B2FABD2FBCE1BD17
:1010C00036BDC8BD80B6AFBD04A996BD752B7BBD2E
:1010D0002EFB48BD2BC316BDB10AC9BC920E49BC3C
:1010E00000000080CDCC4C3ECDCC4C3ECDCC4C3E17
:1010F000555555555555C53F7D6FEB0312D6D4BF99
:101100005544880E55C1C93F3B8F68B52882A4BF9E
:1011100088B20175E0EF493F09F7FD0DE13D023F5F
:101120004B2D8A1C273A03C0C88A599CE52A0040E7
:1011300059018D1B6C06E6BF82922EB1C5B8B33F34
:101140004FBB610567ACDD3F182D4454FB21E93FDF
:101150009BF681D20B73EF3F182D4454FB21F93FCE
:10116000E2652F227F2B7A3C075C143326A6813C54
:10117000BDCBF07A8807703C075C143326A6913CFF
:10118000C4EB98999999C9BF711623FEC671BCBF6B
:101190006D9A74AFF2B0B3BF9AFDDE522DDEADBFD3
:1011A0002F6C6A2C44B4A2BF0D5555555555D53FEB
:1011B000FF8300922449C23F6E204CC5CD45B73F06
:1011C000513DD0A0660DB13FEB0D76244B7BA93F7E
:1011D00011DA22E33AAD903F000000000000F03F3A
:1011E000000000000000F83F0000000000000000C8
:1011F0000000004003B8E23F0000000000000000D3
:1012000006D0CF43EBFD4C3E033333333333E33F60
:10121000FFAB6FDBB66DDB3F4D268F515555D53F8C
:1012200001411DA96074D13F65DBC9934A86CD3F5A
:10123000EF4E454A287ECA3F3E5555555555C53F48
:1012400093BDBE166CC166BF2CDE25AF6A56113F3A
:10125000F16BD2C541BDBBBED0A4BE726937663E3C
:101260004C5555555555A53F7751C1166CC156BFC4
:101270009015CB19A001FA3EAD529C804F7E92BED4
:10128000C4B1B4BD9EEE213ED43888BEE9FAA8BDF3
:10129000000000000000000000004054FB21F93F66
:1012A0003163621A61B4D03D0000601A61B4D03D70
:1012B0007370032E8A19A33B0000002E8A19A33BEA
:1012C000C14920259A837B390000000000000000FE
:1012D0006E83F9A22915444ED15727FCC0DD34F5A1
:1012E000999562DB4190433CAB6351FE61C5BBDE27
:1012F0003A6E24B7E0D24D42EA2E49061C92D1093B
:101300001CEB1DFE3EA729B1F53582E88444BB2EB7
:1013100026709CE9417E5FB439D69139F439538304
:101320008B5F849C3B28F9BDFF97F81F0F9805DE63
:101330008B112FEF1F6D0A5ACF7E366DB709CB2761
:10134000663F464F2DEA5F9EC7BA27757BF1E5EBF6
:10135000F739073DEA92528AB15FFB6B085D8D1F3A
:10136000A6F810111111813FD561C119A0012ABF42
:101370007DFEB157E31DC73EEB9C2B8AE6E55ABEC6
:101380007CD5CF5A3AD9E53D494E535F5441534B32
:1013900000000000434841535349535F5461736B4D
:1013A00000000000477261797363616C655F54618E
:1013B000736B00006D61696E5F5461736B000000B8
:1013C0006F70656E6D765F5461736B0061726D5FF7
:1013D0007461736B00000000F81301080000002026
:1013E000C8020000000A0008B4140108C802002066
:1013F000485600003CAF0008011C32018210037502
:1014000024F41AAA01012432642DCDCCCC3E084626
:101410009A99993EDD7B4D4CC82904011CC5A2FF59
:10142000FFFF1A82102901815A92104911E3803F6F
:1014300009121009462461100DE7416B3A58A08B40
:101440003A7D04017C160240AB03411009055308A4
:10145000065804070F160810820911160A15800B8A
:1014600016C50C18010D05106F12033A6009AC1C6B
:101470005A3E9C8EDE38232041474041CDCC4C3E25
:1014800049081AE0142AE0141A3D408A3C281A2020
:101490001463CC3D1A50104B0C42043E803E9A9986
:1014A0001940D12A630101330226011CCDCC1C90C6
:0414B0001A1C882159
:040000050800018965
:00000001FF
